id,username,first_name,last_name,email,password
1,elindenman0,Eveline,Lindenman,elindenman0@jimdo.com,"dH7`,GEFh{"
2,aguiu1,Andy,Guiu,aguiu1@icq.com,"zC7|Bu,$"
3,sjubert2,Siegfried,Jubert,sjubert2@booking.com,jX1=%z}iBBpe
4,jscirman3,Jordan,Scirman,jscirman3@illinois.edu,gP7!a%wjJ|
5,bpristnor4,Buffy,Pristnor,bpristnor4@behance.net,hT9?A{L%M'1hFl$U
6,bbulteel5,Bruce,Bulteel,bbulteel5@diigo.com,lR4`rSmuxG9
7,mgilli6,Maryanne,Gilli,mgilli6@nifty.com,nC2`Q1(I
8,gbebbington7,Greta,Bebbington,gbebbington7@behance.net,dZ7}~#(7LDc
9,wcovil8,Wally,Covil,wcovil8@unicef.org,qU3*e_UWhgxw
10,tqueenborough9,Tamara,Queenborough,tqueenborough9@moonfruit.com,rL9`S?p2
11,eculluma,Evania,Cullum,eculluma@usatoday.com,yY6&!g.@
12,sbrumwellb,Suki,Brumwell,sbrumwellb@sfgate.com,"yZ9(""&Q8.GkR0G"
13,drodingerc,Derk,Rodinger,drodingerc@europa.eu,dM3)PV898BXv
14,hkillelayd,Hadria,Killelay,hkillelayd@imdb.com,pS9(c*un<.Zg=}
15,rmoohane,Raynell,Moohan,rmoohane@arizona.edu,aO3%Z=HsS
16,arosenbloomf,Ailyn,Rosenbloom,arosenbloomf@prlog.org,kD6?D+hSEkI($9
17,cricardotg,Carlee,Ricardot,cricardotg@va.gov,xU3)l'8HohM2G
18,fpavlukh,Fiona,Pavluk,fpavlukh@shareasale.com,"aN3/s/L,)gD6"
19,rproveri,Rawley,Prover,rproveri@wikia.com,cW4_vle~my~GKb$
20,tstorksj,Tuckie,Storks,tstorksj@slideshare.net,"cF5""?+a{A9"
21,atorresk,Axe,Torres,atorresk@live.com,mO1/x6n3A(X&
22,scogginsl,Sherilyn,Coggins,scogginsl@mac.com,vG0.>+!S*
23,sbamberm,Salomo,Bamber,sbamberm@github.io,gB2<IT`k
24,pantosikn,Pryce,Antosik,pantosikn@amazon.co.uk,dJ8}<GjRvN1J\9'*
25,csartaino,Conchita,Sartain,csartaino@51.la,"tE7~43Ep>,0E"
26,aleetep,Aime,Leete,aleetep@last.fm,lJ0*gOS=!LY2i
27,cbrockhouseq,Carri,Brockhouse,cbrockhouseq@fema.gov,yV0~t*A&Ed+`z{*
28,nborehamr,Norry,Boreham,nborehamr@senate.gov,mC1|/HDBQBo9
29,fhuckerbes,Farlie,Huckerbe,fhuckerbes@clickbank.net,uJ3*D=?S
30,dallbutt,Davide,Allbut,dallbutt@tripod.com,"gS7{S<,F6F"
31,lminshawu,Lise,Minshaw,lminshawu@weebly.com,sU6/ue\$I7
32,cfruishv,Cherie,Fruish,cfruishv@1und1.de,jP9!SkJvFaeo0PRR
33,cmoresidew,Christye,Moreside,cmoresidew@google.co.uk,bX8~g93~mW`rXEZy
34,egongx,Elfrida,Gong,egongx@fotki.com,bQ7$1??_T!T
35,abreckony,Andi,Breckon,abreckony@cafepress.com,jP5{'2H0/I/%e
36,onisotz,Orel,Nisot,onisotz@hugedomains.com,uG5{hX{N=EXbVI6
37,epeyro10,Esmaria,Peyro,epeyro10@sina.com.cn,pX5{uYLm&NvhV
38,nstanbra11,Nananne,Stanbra,nstanbra11@infoseek.co.jp,xI6/36Xg8`
39,ahaggis12,Antoinette,Haggis,ahaggis12@wordpress.org,"yB9_b5,{E"
40,tmardling13,Tate,Mardling,tmardling13@wikia.com,rK9!1B94<BJ(
41,gmarson14,Gaynor,Marson,gmarson14@unicef.org,iM7?)%.s=Q$u`+4
42,mbreston15,Merola,Breston,mbreston15@mashable.com,gV8+bShk)
43,sfurness16,Stephie,Furness,sfurness16@hugedomains.com,eB6+!CK6lE
44,tspinney17,Thom,Spinney,tspinney17@taobao.com,"mJ7.2wTFMC+""il"
45,koswal18,Kathleen,Oswal,koswal18@senate.gov,"oB5*\PQq|F,F"
46,uellens19,Uriel,Ellens,uellens19@mlb.com,hZ5)qEJ$H6E
47,idrews1a,Innis,Drews,idrews1a@nhs.uk,bK9(euk~f@a
48,cbrolan1b,Cordey,Brolan,cbrolan1b@google.ca,"rE7%O+""FM"
49,hwhaymand1c,Hilda,Whaymand,hwhaymand1c@google.nl,uW8`QM4*jt47
50,fsparey1d,Flory,Sparey,fsparey1d@foxnews.com,"wU9,fOP>Gh){#'"
51,aavraham1e,Andrew,Avraham,aavraham1e@tripadvisor.com,cJ5)jTa%~P
52,cslocum1f,Catlaina,Slocum,cslocum1f@cyberchimps.com,bR4{&pvy!CSD
53,hfarrah1g,Helene,Farrah,hfarrah1g@ihg.com,iA4{zNaHy)V{@1ms
54,acluckie1h,Anita,Cluckie,acluckie1h@ycombinator.com,lF0&wDZcFj*
55,vsola1i,Viviana,Sola,vsola1i@ezinearticles.com,eW5&axAl8>18(np
56,emully1j,Elset,Mully,emully1j@issuu.com,bT8{=r./5y+0
57,cadami1k,Cass,Adami,cadami1k@kickstarter.com,hL6=2MAY
58,rphillot1l,Rowena,Phillot,rphillot1l@weibo.com,"aG9+$T,F"
59,rhills1m,Roberta,Hills,rhills1m@ucsd.edu,tW5)NK`w<
60,ctunnacliffe1n,Concordia,Tunnacliffe,ctunnacliffe1n@economist.com,nB7\+uDP|ja2*}U=
61,rgilbank1o,Ricard,Gilbank,rgilbank1o@taobao.com,yI2=+(<h}5>
62,svineall1p,Shandie,Vineall,svineall1p@angelfire.com,oG6(9!yO
63,jburdus1q,Jerrilee,Burdus,jburdus1q@shop-pro.jp,eB1+8qKSu3
64,mlippard1r,Melitta,Lippard,mlippard1r@hibu.com,"mB1""6""+1"
65,gstidson1s,Gaylord,Stidson,gstidson1s@youku.com,zP2\$P0#
66,rgrimsdell1t,Roberto,Grimsdell,rgrimsdell1t@edublogs.org,gH8+h<*$}5AN
67,fmalshinger1u,Fredrika,Malshinger,fmalshinger1u@livejournal.com,uM6!CLC5FC@P
68,mkinforth1v,Matty,Kinforth,mkinforth1v@xing.com,zK4_@g%<
69,mbanting1w,Mallorie,Banting,mbanting1w@cyberchimps.com,rJ5%IQPh
70,rchippin1x,Rudie,Chippin,rchippin1x@yellowbook.com,cW2$66@)>Kq6r
71,jwaldie1y,Jase,Waldie,jwaldie1y@dyndns.org,xE1|%$ER)<
72,bhitzschke1z,Barbey,Hitzschke,bhitzschke1z@thetimes.co.uk,fT4\|8K}V
73,rduffan20,Rosalinda,Duffan,rduffan20@github.io,zT6+?B5uv*W/
74,rrayson21,Robinia,Rayson,rrayson21@gizmodo.com,"iP2""*}t."
75,hcaizley22,Hill,Caizley,hcaizley22@digg.com,rV2\@9=y_bElVc8
76,tdufton23,Theressa,Dufton,tdufton23@dyndns.org,"lO5+0TKKuym!KJ,"
77,fbreffit24,Flory,Breffit,fbreffit24@xing.com,fR1=i@/#XT%Hkm
78,kleglise25,Kendre,Leglise,kleglise25@cdbaby.com,vD5%cc*/y
79,rcrocker26,Reine,Crocker,rcrocker26@studiopress.com,"hQ5,h(`y~lPe&e"
80,bpedlar27,Barrie,Pedlar,bpedlar27@fotki.com,zR3}6/6&
81,tloache28,Trudey,Loache,tloache28@who.int,"eF1(O<W0Fb"""
82,gmcdiarmid29,Garvy,McDiarmid,gmcdiarmid29@mapy.cz,sX5!824pn<+lS\%
83,mcourtenay2a,Martelle,Courtenay,mcourtenay2a@theglobeandmail.com,"fJ0{gpA(J'pVTMq"""
84,amurdy2b,Adrien,Murdy,amurdy2b@soundcloud.com,"wL8{2""wb?%"
85,bgolagley2c,Brittan,Golagley,bgolagley2c@noaa.gov,uY2?mt'7g?
86,mgrioli2d,Mufinella,Grioli,mgrioli2d@studiopress.com,hN9>fh=f++
87,kbennoe2e,Kasey,Bennoe,kbennoe2e@google.ca,oN6/|~yeLTt
88,awheowall2f,Afton,Wheowall,awheowall2f@csmonitor.com,wJ0}`L?/{SAt0~~s
89,gtopliss2g,Giuseppe,Topliss,gtopliss2g@utexas.edu,uX9}yTw}f.ONt
90,cchaudret2h,Corrie,Chaudret,cchaudret2h@shinystat.com,aZ7=@WBN
91,rebbetts2i,Rochella,Ebbetts,rebbetts2i@sciencedaily.com,uV4&\>Y'u&
92,lyateman2j,Lexine,Yateman,lyateman2j@auda.org.au,zW4+EqEg#vli*d=
93,fjaimez2k,Falkner,Jaimez,fjaimez2k@imageshack.us,lE6*`cnX
94,awilleman2l,Amory,Willeman,awilleman2l@slideshare.net,vT2$$30&9s
95,jmayne2m,Jeralee,Mayne,jmayne2m@chron.com,dY7)&MX9v\9WSt
96,dboyland2n,Drusie,Boyland,dboyland2n@sbwire.com,eI4%P+!!Y
97,dsivior2o,Devan,Sivior,dsivior2o@macromedia.com,uF3'vzv\ch?
98,bverni2p,Betti,Verni,bverni2p@themeforest.net,"cT3?1sgl?T6""(?v"
99,khaycock2q,Kele,Haycock,khaycock2q@smugmug.com,mC2<lV#D\2jzX
100,apendreigh2r,Adelbert,Pendreigh,apendreigh2r@nymag.com,uM3!tQlnvCI7
101,swestbrook2s,Swen,Westbrook,swestbrook2s@uiuc.edu,"gY8@!c,Z&SxM"
102,lbernolet2t,Laryssa,Bernolet,lbernolet2t@vistaprint.com,yB6@zJh96tuY/&
103,mmargett2u,Mathilda,Margett,mmargett2u@ihg.com,uA7<O\T4
104,kschulkins2v,Kristo,Schulkins,kschulkins2v@dyndns.org,"lL0?)HK""\ya"
105,zdeknevet2w,Zorina,deKnevet,zdeknevet2w@is.gd,bN5'l6xd
106,lerrett2x,Lucine,Errett,lerrett2x@mit.edu,mE1%pTyd*
107,spoulston2y,Sylas,Poulston,spoulston2y@gov.uk,nM5{y!#7ml_?Bq*
108,mmarguerite2z,Maura,Marguerite,mmarguerite2z@dropbox.com,fZ0*z$bv
109,cbagenal30,Care,Bagenal,cbagenal30@etsy.com,fG8@Gmzx
110,estichall31,Ewart,Stichall,estichall31@seattletimes.com,rS9'uWB$N}
111,lleathwood32,Lexy,Leathwood,lleathwood32@google.pl,cK4!j${TeL6l>
112,gjirik33,Gerrilee,Jirik,gjirik33@smh.com.au,"xE6?0Im_,+h"
113,bmaggiore34,Babs,Maggiore,bmaggiore34@sfgate.com,oC3(X}q}Cc\B
114,wgolding35,Worden,Golding,wgolding35@sbwire.com,iA0&s'C?qwU*
115,mtennick36,Mellicent,Tennick,mtennick36@howstuffworks.com,eR8*mt$Z(Ab#
116,etrain37,Eunice,Train,etrain37@desdev.cn,gE1%uKOE
117,vredshaw38,Veronique,Redshaw,vredshaw38@tripod.com,xP3$y'PyOc)5Gbau
118,fjosephoff39,Ferris,Josephoff,fjosephoff39@webs.com,hF4>$@Oq.s`BYK\}
119,djoberne3a,Darren,Joberne,djoberne3a@facebook.com,vH4<Qs|+NhLDNA9p
120,amcfarland3b,Alphonse,McFarland,amcfarland3b@youtube.com,"kG9*o),k2"
121,sleil3c,Sigvard,Leil,sleil3c@bravesites.com,tI9.93O|?7ick}
122,cjarratt3d,Curtis,Jarratt,cjarratt3d@digg.com,oL1_vem5z
123,aodriscole3e,Ashlee,O'Driscole,aodriscole3e@dailymotion.com,cY8+9TD)`WM~3Bh
124,daddams3f,Dalt,Addams,daddams3f@dagondesign.com,"vH5~,\dIJ"
125,akarlsen3g,Arabela,Karlsen,akarlsen3g@boston.com,tH2)r/'p!hX
126,tbrandone3h,Tabatha,Brandone,tbrandone3h@seesaa.net,oK2`F</`dwyO
127,gsarchwell3i,Granthem,Sarchwell,gsarchwell3i@fc2.com,qR3(LN0BIJF5
128,gyablsley3j,Godiva,Yablsley,gyablsley3j@smugmug.com,nI4!KUOV
129,wgaylard3k,Waldo,Gaylard,wgaylard3k@toplist.cz,qV2%Mi~E4c!oq
130,gcondliffe3l,Gwendolyn,Condliffe,gcondliffe3l@joomla.org,lL1%7u|zy#)(gWd
131,odicky3m,Odey,Dicky,odicky3m@cmu.edu,nS5|zXnUhLOZZ
132,hcromb3n,Hurley,Cromb,hcromb3n@1688.com,dR6=$wONE~9.#
133,mbarker3o,Micheline,Barker,mbarker3o@bloglovin.com,"gJ1""__AQI\G="
134,kkuban3p,Kristofor,Kuban,kkuban3p@bandcamp.com,"rI4{dT}D,xZB<S%&"
135,gtwomey3q,Gerladina,Twomey,gtwomey3q@ning.com,kN7~91hb&s\7gGAf
136,mpenquet3r,Morly,Penquet,mpenquet3r@earthlink.net,eL0/Kdp)}n
137,rthain3s,Rita,Thain,rthain3s@wikipedia.org,cG6.gjLlp(k?m
138,rhanhardt3t,Ramon,Hanhardt,rhanhardt3t@unicef.org,dQ3$E0zhQBY+U>
139,sbraddock3u,Shoshana,Braddock,sbraddock3u@opera.com,vS2_Q_E&~*YX@B
140,aibberson3v,Adora,Ibberson,aibberson3v@state.tx.us,bK8}qm/KvtVYI
141,hsurgen3w,Hashim,Surgen,hsurgen3w@discuz.net,gQ1<53wi(Ci
142,hkittles3x,Heindrick,Kittles,hkittles3x@amazon.co.jp,aB5`_Zz@O/wL
143,hblyth3y,Harmon,Blyth,hblyth3y@typepad.com,"yH4,`>{G}f"
144,dcusack3z,Dianna,Cusack,dcusack3z@wp.com,qF7~YNsc6
145,cmcpeck40,Caprice,McPeck,cmcpeck40@businessinsider.com,uM6*G>Bo(0CV
146,gglazebrook41,Gage,Glazebrook,gglazebrook41@istockphoto.com,rB0@)Y!<=5OW
147,epetrichat42,Erna,Petrichat,epetrichat42@nydailynews.com,"kX2""c+L'|#zQUlz~"
148,spettican43,Sabra,Pettican,spettican43@t-online.de,pD5%o.4yIBSQ|
149,hmaycock44,Harwell,Maycock,hmaycock44@naver.com,yZ3!39YeFW
150,tgarrigan45,Tine,Garrigan,tgarrigan45@ftc.gov,qM3?OdCb?Oi!TO
151,jjorgesen46,Jobyna,Jorgesen,jjorgesen46@tinypic.com,zH3|VFUN(aOw
152,dbeecker47,Dorie,Beecker,dbeecker47@moonfruit.com,tK3}!8I#L*yp
153,rjellings48,Rog,Jellings,rjellings48@sogou.com,wH6<rK./*Ex6GFj4
154,bluff49,Baxy,Luff,bluff49@behance.net,kH8&da(LA{j/0
155,bhellsdon4a,Barby,Hellsdon,bhellsdon4a@addthis.com,vB5?5X8cvCX/
156,vmccritichie4b,Valida,McCritichie,vmccritichie4b@discovery.com,wR1%XP@a
157,lheinig4c,Lucille,Heinig,lheinig4c@hc360.com,"dO4""(7.92ePu91"
158,sgoodhay4d,Savina,Goodhay,sgoodhay4d@columbia.edu,bF2>rA@vU{/{L
159,dambridge4e,Desmond,Ambridge,dambridge4e@twitpic.com,sP4*t`gH#jhoQqlC
160,rkirvell4f,Ruthe,Kirvell,rkirvell4f@clickbank.net,cK8@p.d5
161,hgainsbury4g,Hilton,Gainsbury,hgainsbury4g@woothemes.com,jK9~/Ow)n(L
162,bosherrin4h,Blinny,O'Sherrin,bosherrin4h@webmd.com,sD1$EIuu5x?upM4>
163,jhaburne4i,Jenna,Haburne,jhaburne4i@i2i.jp,vM8?6YT\
164,mfrancom4j,Maire,Francom,mfrancom4j@delicious.com,xR1`3zNG.7
165,tnewarte4k,Tandie,Newarte,tnewarte4k@flavors.me,hY0}=6w(I0O
166,aboyford4l,Adair,Boyford,aboyford4l@census.gov,gB7?gV?Hg'#C<F
167,pschuh4m,Prissie,Schuh,pschuh4m@tiny.cc,yW8!kY!%c%{!t
168,celtringham4n,Clarisse,Eltringham,celtringham4n@cisco.com,wI1`Yt$_}#zvf%
169,rjodrellec4o,Rita,Jodrellec,rjodrellec4o@vimeo.com,"qZ2+hhD49'7""""*n"""
170,thonacker4p,Toddy,Honacker,thonacker4p@geocities.jp,qS0+B(SW1zU>z
171,jdarque4q,Jude,Darque,jdarque4q@usnews.com,zZ5@!sguyS
172,nlockless4r,Nicolais,Lockless,nlockless4r@slashdot.org,yB0)\HCon+Q.
173,jwelbelove4s,Jillene,Welbelove,jwelbelove4s@mediafire.com,"yA6""A')0b`y"
174,fpirri4t,Fiann,Pirri,fpirri4t@imdb.com,"pO9,}h&BvfLa6fY`"
175,mconeley4u,Mehetabel,Coneley,mconeley4u@t.co,wF5}BeQ#}Ze
176,gmacandrew4v,Guglielma,MacAndrew,gmacandrew4v@studiopress.com,"dV2""s}>L?"
177,adomanski4w,Annmarie,Domanski,adomanski4w@amazon.com,sM1+*BZu6I
178,mhogsden4x,Marmaduke,Hogsden,mhogsden4x@behance.net,oF2|}%s+k*)
179,sreven4y,Sarine,Reven,sreven4y@phpbb.com,nL4#t=RRp
180,sconibear4z,Saundra,Conibear,sconibear4z@sourceforge.net,mW9{j2K!
181,cwhife50,Clare,Whife,cwhife50@huffingtonpost.com,kQ4$}lp1Gt
182,cpasse51,Charmine,Passe,cpasse51@topsy.com,oV0&/5IM<j
183,jcranstoun52,Jareb,Cranstoun,jcranstoun52@washingtonpost.com,bV4%lG.53W
184,jginnane53,Janice,Ginnane,jginnane53@opensource.org,gV6}cUa5Uh8
185,clammenga54,Cecilla,Lammenga,clammenga54@bloglines.com,qP9?A\cTwdNqm
186,tturk55,Tricia,Turk,tturk55@hostgator.com,dD6&AIZ'e}!{t
187,gmcateer56,Garvin,McAteer,gmcateer56@rambler.ru,iO4|kpz/9t)ug
188,kpawels57,Kimbra,Pawels,kpawels57@ustream.tv,jD6(<@nmr'ZTJMTA
189,galvey58,Gusella,Alvey,galvey58@gizmodo.com,dG6?JBs&<m$dE{
190,roret59,Raynor,Oret,roret59@constantcontact.com,sB3<EZMAKH
191,schainey5a,Symon,Chainey,schainey5a@spotify.com,dH7@1BF//B<ne`(G
192,bacock5b,Brenn,Acock,bacock5b@hubpages.com,sY0\3jM2'J
193,snormavill5c,Siegfried,Normavill,snormavill5c@guardian.co.uk,"gN6=Av2LIh',"
194,slamyman5d,Saundra,Lamyman,slamyman5d@about.me,kT6%qXJHk/|
195,rmartel5e,Rachelle,Martel,rmartel5e@wikispaces.com,"jT8,5Nr'x/Kci"
196,cteissier5f,Cyndie,Teissier,cteissier5f@booking.com,rO3~jgztv}6e
197,cdrewclifton5g,Clifford,Drew-Clifton,cdrewclifton5g@issuu.com,"uE1""'pX.dyG6D5Dm"
198,dbedingfield5h,Desmund,Bedingfield,dbedingfield5h@etsy.com,yG7\FL/1
199,gigoe5i,Gordan,Igoe,gigoe5i@harvard.edu,"jW5,@SOQFuH<v"
200,cjoselin5j,Celka,Joselin,cjoselin5j@phpbb.com,vC7)kXnNneg
201,dboulden5k,Derril,Boulden,dboulden5k@fda.gov,bA2.=0t%
202,aomailey5l,Alice,O'Mailey,aomailey5l@columbia.edu,oH2'skLD4>hbhZzF
203,ppounsett5m,Pascal,Pounsett,ppounsett5m@blinklist.com,xO6(Jn~u
204,hricharson5n,Horten,Richarson,hricharson5n@techcrunch.com,"eB8.DM?NL!,"
205,omaccoll5o,Opalina,MacColl,omaccoll5o@dailymotion.com,"pB0""Dzisp'*"
206,asmye5p,Angela,Smye,asmye5p@purevolume.com,pJ2~U3V`kTsp
207,mfeehan5q,Mano,Feehan,mfeehan5q@hibu.com,jJ5`GK6&
208,aflintiff5r,Amil,Flintiff,aflintiff5r@chicagotribune.com,"nV9/p,T2K>a"
209,ktanton5s,Katalin,Tanton,ktanton5s@bloomberg.com,vU9*)IV'>w~R~>'
210,vandras5t,Veronique,Andras,vandras5t@independent.co.uk,gE1|y'gu
211,pjozef5u,Padgett,Jozef,pjozef5u@vk.com,uB0!15\bVHlt
212,dpagen5v,Damian,Pagen,dpagen5v@vinaora.com,cH3}q>zO
213,madamoli5w,Mignonne,Adamoli,madamoli5w@jugem.jp,dH9\lgmHC
214,lmcmahon5x,Libbi,McMahon,lmcmahon5x@domainmarket.com,"pQ8""J>E)#Q"
215,abierman5y,Axel,Bierman,abierman5y@meetup.com,sZ1`hk*=V
216,rflecknoe5z,Rana,Flecknoe,rflecknoe5z@fotki.com,nP3}aMh@Z1#d|q
217,gbuye60,Griffie,Buye,gbuye60@nationalgeographic.com,"lJ5~{,`N""U"
218,rferrier61,Remington,Ferrier,rferrier61@unesco.org,"uZ4~,""ae%a)0Xa"
219,mballham62,Margalit,Ballham,mballham62@yelp.com,eW2$l9X\CC#SnJQ/
220,npaulou63,Nollie,Paulou,npaulou63@ustream.tv,"xR1>U&}u1CiK"""
221,agamlyn64,Arlyn,Gamlyn,agamlyn64@gnu.org,"vS0),=8~UK0p"
222,lkahane65,Lexis,Kahane,lkahane65@edublogs.org,"mR0,T2US"
223,asimond66,Ansell,Simond,asimond66@unblog.fr,eM6?ovySW~R~~
224,lbonehill67,Lucian,Bonehill,lbonehill67@cam.ac.uk,gM6`MuJWm@8UH3Z
225,ctarbath68,Cicely,Tarbath,ctarbath68@imdb.com,"bL8""uj<UTRGe"
226,wallatt69,Wash,Allatt,wallatt69@fc2.com,dN0?v@Q@ba
227,ncamsey6a,Nestor,Camsey,ncamsey6a@engadget.com,pT9+StR?@r|3Rx}
228,sellin6b,Stacy,Ellin,sellin6b@networksolutions.com,qM5#||KvJI
229,jloadsman6c,Jim,Loadsman,jloadsman6c@mysql.com,tL2|dU@yFE
230,gwaison6d,Gilberto,Waison,gwaison6d@ifeng.com,bC1=)@fz
231,aborris6e,Andres,Borris,aborris6e@edublogs.org,yT9(k2Tkz5#?J#
232,sconville6f,Sashenka,Conville,sconville6f@reddit.com,"dM3,bal~FE("
233,avassie6g,Anne-marie,Vassie,avassie6g@weebly.com,hN5\Z>.QF
234,matwel6h,Molli,Atwel,matwel6h@utexas.edu,uW5+Wervq
235,hhew6i,Holly,Hew,hhew6i@go.com,dQ6_B1hWuf
236,xoldcroft6j,Xaviera,Oldcroft,xoldcroft6j@unicef.org,lD5.\{xgIfy'G7
237,nboston6k,Nikoletta,Boston,nboston6k@soundcloud.com,"gK9$""p/""XCH38*fL"
238,tkierans6l,Tish,Kierans,tkierans6l@bbc.co.uk,pV9~1x5S<KV1C
239,sdiggles6m,Sean,Diggles,sdiggles6m@constantcontact.com,nI9!YE`0e
240,bhallum6n,Benoite,Hallum,bhallum6n@oracle.com,cI9.?3`8E*
241,dcottesford6o,Delly,Cottesford,dcottesford6o@vkontakte.ru,wD0=0+g<mlVN3'|
242,vphizacklea6p,Viole,Phizacklea,vphizacklea6p@wufoo.com,aB3*#hCl
243,fmayall6q,Fayre,Mayall,fmayall6q@youku.com,bY4<S\EKmft2uU
244,rrao6r,Rayna,Rao,rrao6r@cpanel.net,iL4<{$`6B
245,dbartaloni6s,Darren,Bartaloni,dbartaloni6s@nps.gov,xS7$QIq98n8D
246,jaglione6t,Judah,Aglione,jaglione6t@devhub.com,xQ2+G3XgDIp
247,krowney6u,Katti,Rowney,krowney6u@wunderground.com,lZ2*q\ql@Y@fUhfK
248,tbowsher6v,Trudi,Bowsher,tbowsher6v@jimdo.com,vW0?{?{zSyOj3d7
249,waisthorpe6w,Winnie,Aisthorpe,waisthorpe6w@goodreads.com,gN0~Ez07A@td!
250,bhedgeman6x,Barbabra,Hedgeman,bhedgeman6x@google.it,dS9$5X*J8p<vbL$5
251,dlanphier6y,Danice,Lanphier,dlanphier6y@tripadvisor.com,"yZ3%`Q~8m"""
252,dmercy6z,Davidson,Mercy,dmercy6z@alexa.com,tL9_R|Q>6)Scu+.r
253,mtirone70,Margette,Tirone,mtirone70@youtube.com,mK2/B$%pF\aCl
254,jhaggart71,Jacobo,Haggart,jhaggart71@plala.or.jp,"pX0.,i@7XU5xbK$"
255,cklais72,Corny,Klais,cklais72@google.com.hk,gU5{69QF{
256,kobray73,Kin,Obray,kobray73@ocn.ne.jp,zQ0#u7{=@yZ?
257,bwhiting74,Benn,Whiting,bwhiting74@youtube.com,bU4#aH.3tMf
258,bsmeeth75,Boonie,Smeeth,bsmeeth75@tinyurl.com,oC8\WX`%xh9*r
259,flavarack76,Findlay,Lavarack,flavarack76@chicagotribune.com,yZ6.OsTx/1YVFV1r
260,cterren77,Christina,Terren,cterren77@cargocollective.com,zS8~hO|z
261,bhutcheons78,Brandais,Hutcheons,bhutcheons78@vkontakte.ru,"fJ5@EI#z)M`\""P"
262,raimable79,Roxy,Aimable,raimable79@google.cn,iK3`lLt$vaz+{i}
263,ahansie7a,Aila,Hansie,ahansie7a@istockphoto.com,vO4=DjrRi}
264,gveschambes7b,Giff,Veschambes,gveschambes7b@t-online.de,oK2)Qzw1AR
265,ucolbrun7c,Udall,Colbrun,ucolbrun7c@china.com.cn,tW7|z_TiWHe`
266,mtosspell7d,Madalyn,Tosspell,mtosspell7d@sitemeter.com,tE2*!RlXDllKH|
267,abreslau7e,Almire,Breslau,abreslau7e@wordpress.com,wY5/C_KQs8#VXb3
268,ulaurand7f,Ulrick,Laurand,ulaurand7f@craigslist.org,dW8'I}eX
269,hwilmington7g,Hogan,Wilmington,hwilmington7g@cocolog-nifty.com,"sJ3$rd1,GO"
270,ytock7h,Yorke,Tock,ytock7h@discovery.com,xC0\9#es2UoM
271,nmorgue7i,Noni,Morgue,nmorgue7i@github.io,uD7#NMHaoem>g
272,mbalshen7j,Miguel,Balshen,mbalshen7j@goo.gl,xE8>U5l)
273,droslen7k,Devi,Roslen,droslen7k@pagesperso-orange.fr,nQ0!d7\xR8cDR?
274,gebrall7l,Georgetta,Ebrall,gebrall7l@drupal.org,yP4`_m5BEI
275,mmcavin7m,Marshall,McAvin,mmcavin7m@dyndns.org,"aT0>L,<A'k+"
276,hbelverstone7n,Husein,Belverstone,hbelverstone7n@icq.com,sD9~To~W(?.IHp
277,clabitt7o,Chance,Labitt,clabitt7o@ed.gov,"dQ5!)Q,)Pw)*eT"
278,oquestier7p,Othilia,Questier,oquestier7p@alibaba.com,sB8`t'WO$Vo
279,gcollerd7q,Greta,Collerd,gcollerd7q@yellowbook.com,fI5\{?zW@!us<R9r
280,btomblings7r,Beryl,Tomblings,btomblings7r@github.io,"qJ3,5!'X"
281,pbertome7s,Pail,Bertome,pbertome7s@disqus.com,"xW4*)E8C.,%|'b"
282,mstrasse7t,Maximo,Strasse,mstrasse7t@hp.com,kQ7<q>O(
283,mbreckwell7u,Meagan,Breckwell,mbreckwell7u@imageshack.us,yV5>1kG{0vB(
284,fgonnin7v,Fey,Gonnin,fgonnin7v@over-blog.com,fY3/{pPO~nHZ
285,crosenblatt7w,Clark,Rosenblatt,crosenblatt7w@storify.com,oO8'LHZa+uxf+g
286,wgiametti7x,Willy,Giametti,wgiametti7x@diigo.com,"nZ2.(j,HWYFLq5"
287,radess7y,Rikki,Adess,radess7y@eepurl.com,oV4{'xI@W&y~g%O
288,nbarradell7z,Northrup,Barradell,nbarradell7z@lycos.com,gQ9_zy53JKIV(
289,egoves80,Edmund,Goves,egoves80@youku.com,"fK0""./Ch"
290,lskidmore81,Lise,Skidmore,lskidmore81@booking.com,nE7<|wDbM'{el%m6
291,sjuliano82,Simmonds,Juliano,sjuliano82@indiegogo.com,oM3{=TWr
292,ggoss83,Grissel,Goss,ggoss83@rakuten.co.jp,fU6~QdYws4U
293,shegge84,Sayre,Hegge,shegge84@google.co.jp,"zF7{E<A&""e"
294,blambourne85,Bernardo,Lambourne,blambourne85@archive.org,zC4<ap<$
295,gfarge86,Guthrey,Farge,gfarge86@google.com.hk,rC9(>_cXO_ElOV
296,rmaidstone87,Rana,Maidstone,rmaidstone87@cam.ac.uk,hE4*ML4>)OXy
297,tceeley88,Tessi,Ceeley,tceeley88@php.net,"pN1=s#5,>LF.n1oP"
298,kmcauley89,Karlotta,McAuley,kmcauley89@chron.com,zU8?\\4|
299,fridd8a,Fran,Ridd,fridd8a@prnewswire.com,kN1{V5O180iWID`p
300,holivia8b,Hamid,Olivia,holivia8b@theguardian.com,jH8/Dw~L<DA
301,gstothart8c,Gabriellia,Stothart,gstothart8c@mit.edu,"gK1|zO""Uh\?Cref&"
302,dblackshaw8d,Domenico,Blackshaw,dblackshaw8d@vinaora.com,dE7)arFd&KkYbWTh
303,lgrigorini8e,Laney,Grigorini,lgrigorini8e@mapy.cz,pY1$JXs.
304,yclogg8f,Yuri,Clogg,yclogg8f@wp.com,xC5).|2n_
305,tsalomon8g,Thurstan,Salomon,tsalomon8g@naver.com,"zN1""=6+UKSP`"
306,landrews8h,Leticia,Andrews,landrews8h@ucla.edu,hH0}jEJ}#Zmp%4h
307,frenzullo8i,Frederique,Renzullo,frenzullo8i@desdev.cn,"cG7{}FkQA%0""=&"
308,egarwood8j,Estrellita,Garwood,egarwood8j@plala.or.jp,vC6~2zkzco*\
309,sallix8k,Sunny,Allix,sallix8k@ihg.com,cQ3>jexzm9S`!Iqw
310,lsamwyse8l,Livia,Samwyse,lsamwyse8l@usnews.com,nJ3&gm)9U{EU/QK
311,dsiemens8m,Davide,Siemens,dsiemens8m@flickr.com,dA1=N8~{t?aRCT
312,vjacobovitch8n,Veronica,Jacobovitch,vjacobovitch8n@desdev.cn,wZ2'hp{q
313,ewilcockes8o,Eda,Wilcockes,ewilcockes8o@tuttocitta.it,jV3\n$5Gq2DPi~e
314,cjent8p,Ches,Jent,cjent8p@japanpost.jp,lH1|FPHuKn#
315,sspinage8q,Sharron,Spinage,sspinage8q@discovery.com,"cB9}cpA#,\"
316,apyburn8r,Any,Pyburn,apyburn8r@bravesites.com,kX2`SFPS
317,kpriest8s,Kimberly,Priest,kpriest8s@vkontakte.ru,xO7+pP1a+YK'J\}
318,jstanyan8t,Jaymie,Stanyan,jstanyan8t@skyrock.com,mB4%W}~0<eeUI'!q
319,aclutterbuck8u,Ansley,Clutterbuck,aclutterbuck8u@gov.uk,vG2`tQsq
320,ssyratt8v,Solomon,Syratt,ssyratt8v@sciencedaily.com,mH0=}{~Cu8@U
321,agoodricke8w,Alonzo,Goodricke,agoodricke8w@mlb.com,aH7!C(jH
322,bwoodroof8x,Babara,Woodroof,bwoodroof8x@de.vu,qB1)Lvzs$R1~KK
323,fwitty8y,Fayina,Witty,fwitty8y@skype.com,hE6&SVa{?ctDu4j
324,mrimmington8z,Mikel,Rimmington,mrimmington8z@desdev.cn,aJ1(Yx?A7@.(
325,bwaghorne90,Beverlie,Waghorne,bwaghorne90@sourceforge.net,"qD7+""_/o5G`wI$x{"
326,kswede91,Kissie,Swede,kswede91@biglobe.ne.jp,kG4>fHBE
327,larnal92,Lyndsie,Arnal,larnal92@tmall.com,"jX3,y4cKnO58W"
328,mgreeno93,Mirna,Greeno,mgreeno93@printfriendly.com,zH5%7'22}VsQ_4
329,jneeves94,Juliane,Neeves,jneeves94@tuttocitta.it,"gD2=0""#*q_Q("
330,lcrack95,Lynnelle,Crack,lcrack95@mashable.com,nD7#sz8Kd'f!
331,dcostain96,Dorene,Costain,dcostain96@illinois.edu,oV1%yoyg6Iie3
332,jtieman97,Jorry,Tieman,jtieman97@pagesperso-orange.fr,yA1@pij~%lwLw(
333,swintour98,Shaun,Wintour,swintour98@theatlantic.com,aE2*aFqxrD/N#
334,ucosgrove99,Urbain,Cosgrove,ucosgrove99@vistaprint.com,bD8&{=n\b
335,nasch9a,Nissy,Asch,nasch9a@spiegel.de,"gJ7,,e(Tk5I<J_"
336,lgamett9b,Lenka,Gamett,lgamett9b@soup.io,"oQ7\,zi+@d'Y%d"
337,ffontenot9c,Falito,Fontenot,ffontenot9c@dedecms.com,bY1!R+}6@``yEQ
338,chastie9d,Clare,Hastie,chastie9d@csmonitor.com,"nB5'!p""QT>>*5Pe"
339,kmallinar9e,Kizzie,Mallinar,kmallinar9e@domainmarket.com,"kN3\Gq,b_{ZJ@"
340,tgingedale9f,Trixie,Gingedale,tgingedale9f@multiply.com,xC7_%<3?2Jeu
341,bdiack9g,Blondy,Diack,bdiack9g@tinyurl.com,xO2|o&w'5tqpe`_w
342,ehaldenby9h,Elvyn,Haldenby,ehaldenby9h@sourceforge.net,fQ2|LZUuz*
343,dlowdeane9i,Dud,Lowdeane,dlowdeane9i@friendfeed.com,iV1(mY{1
344,ashew9j,Aida,Shew,ashew9j@state.tx.us,dX7#`#bg?vi=D?
345,gzorer9k,Guntar,Zorer,gzorer9k@dot.gov,"cU7(o@""gEUxV6"
346,atiley9l,Anette,Tiley,atiley9l@addtoany.com,nV5{*!&fEs>
347,ocornish9m,Ody,Cornish,ocornish9m@forbes.com,lL1?PIng88arS
348,gguihen9n,Gunar,Guihen,gguihen9n@desdev.cn,"uQ1&@0""bu"
349,gwittke9o,Gwyn,Wittke,gwittke9o@wsj.com,kE6@8m93
350,lalmack9p,Lambert,Almack,lalmack9p@wikipedia.org,pI6@Q@*`
351,jorpwood9q,Janos,Orpwood,jorpwood9q@wikimedia.org,jT1_%#P#8p7W=n`
352,dnewcomb9r,Demetria,Newcomb,dnewcomb9r@1688.com,qO6.Q*fkM2u!f
353,ekidston9s,Elle,Kidston,ekidston9s@moonfruit.com,tE6>~`&ux
354,dtwiddell9t,Donella,Twiddell,dtwiddell9t@wikimedia.org,zW5?ZrVr|)<3zCo(
355,dwade9u,Daveta,Wade,dwade9u@google.com.hk,"zL2,47QTHG"
356,clancett9v,Cobby,Lancett,clancett9v@parallels.com,wB8.M=7fNHLYJZs)
357,rrayworth9w,Rey,Rayworth,rrayworth9w@ning.com,rQ2&~/+%{
358,cconstance9x,Christie,Constance,cconstance9x@comsenz.com,zC8'{tw+27P|fiV@
359,igrunnell9y,Inglebert,Grunnell,igrunnell9y@reddit.com,xU9@P|f'i#
360,bmcclory9z,Breena,McClory,bmcclory9z@addthis.com,rZ2~/Z1H/\9.
361,xlongsona0,Ximenes,Longson,xlongsona0@liveinternet.ru,nD6*sUz)
362,cpottella1,Clay,Pottell,cpottella1@hexun.com,tD4=>!A2%TS.mvaJ
363,tgraynea2,Tiffi,Grayne,tgraynea2@ox.ac.uk,"pJ5\q.<8i,y"
364,lvarcoea3,Lonnard,Varcoe,lvarcoea3@zimbio.com,"uQ3""I>Q@"
365,wwrotha4,Wernher,Wroth,wwrotha4@goo.ne.jp,vW5/8MMRES
366,fpickthorna5,Florance,Pickthorn,fpickthorna5@npr.org,vA4*/!L=
367,mgarritleya6,Minna,Garritley,mgarritleya6@usnews.com,pN6?i8/_M6f`J>=i
368,abluchera7,Al,Blucher,abluchera7@eventbrite.com,iA2`zWz*xZg
369,htiremana8,Hoyt,Tireman,htiremana8@gov.uk,uB7#?wBxOblF8R
370,sburnipa9,Shandie,Burnip,sburnipa9@sina.com.cn,"cW4,!!lBO"
371,gmarcinkowskiaa,Gelya,Marcinkowski,gmarcinkowskiaa@usda.gov,rD6(|aQ=
372,qmarksonab,Queenie,Markson,qmarksonab@nasa.gov,xV2{7&yfrgxb
373,egrzeszczykac,Eva,Grzeszczyk,egrzeszczykac@usnews.com,tA0'{BDZ.sz
374,rebbenad,Ruth,Ebben,rebbenad@weebly.com,"iW8+`""QeMbYeLq"
375,tbrittonerae,Tonia,Brittoner,tbrittonerae@sogou.com,"jX5=,yftXo&"
376,ethickinaf,Erek,Thickin,ethickinaf@mapquest.com,xE2_h75La.dZ'Wb
377,dgiovanardiag,Dru,Giovanardi,dgiovanardiag@yahoo.co.jp,zH6~7*iV$?
378,htippingsah,Helen,Tippings,htippingsah@wordpress.org,lC4=F#28
379,mtinemanai,Melonie,Tineman,mtinemanai@icq.com,tO5%Mg9FEM@!/(ef
380,rnorthleyaj,Reece,Northley,rnorthleyaj@bbb.org,kQ6&JQQNY
381,mtrenearak,Maddy,Trenear,mtrenearak@cbslocal.com,mP8+TWFx6Fl8#
382,aloacheal,Alexander,Loache,aloacheal@kickstarter.com,"nS5{>gJo7V,C"
383,ssturteam,Shaina,Sturte,ssturteam@earthlink.net,"aH0`P,E.T>u"
384,vkipplingan,Velma,Kippling,vkipplingan@sina.com.cn,qF5}1\P|i\jv#!
385,mroddyao,Meriel,Roddy,mroddyao@ebay.com,nC1!T`cpo2|WL5uW
386,mfluckap,Myles,Fluck,mfluckap@ezinearticles.com,"gB7+/J{1|7(!,@C)"
387,mmeddowsaq,Monroe,Meddows,mmeddowsaq@i2i.jp,fT5!=G%}NZ0Ni3Y
388,rrelfear,Rochell,Relfe,rrelfear@furl.net,lG0)7tb'
389,epocklingtonas,Ernesto,Pocklington,epocklingtonas@twitpic.com,pT5~RkO367c/
390,vdumpletonat,Vally,Dumpleton,vdumpletonat@forbes.com,jJ7(*!7CY`
391,tshevlinau,Tymon,Shevlin,tshevlinau@wikispaces.com,eR6>KC`&%O
392,cghentav,Corby,Ghent,cghentav@wiley.com,nB4@$P(WK
393,aolinaw,Antonin,Olin,aolinaw@redcross.org,"pV3!LK3VJl""@"
394,tkubicekax,Tommie,Kubicek,tkubicekax@opensource.org,xH3+6}WVjCBWC6E
395,smagneay,Shandy,Magne,smagneay@live.com,lJ9|#8`+WZfw
396,alownsbroughaz,Alexander,Lownsbrough,alownsbroughaz@nsw.gov.au,qJ8&{G*&
397,bberendsenb0,Brocky,Berendsen,bberendsenb0@icio.us,"sQ1#V3tT|,Wf"
398,ktremolletb1,Kizzie,Tremollet,ktremolletb1@pagesperso-orange.fr,"qW9~b$4""c6#2"
399,mdubsb2,Matilde,Dubs,mdubsb2@wp.com,eU1'RvBIKMJ<{lvY
400,espinellib3,Evangelina,Spinelli,espinellib3@engadget.com,mA3*+'b#6
401,jshovlarb4,Jelene,Shovlar,jshovlarb4@tmall.com,nG3'T%)WSI)PC=3)
402,bkestevenb5,Boony,Kesteven,bkestevenb5@usa.gov,iE9{Hk|wG6AN
403,lfortnamb6,Ly,Fortnam,lfortnamb6@unc.edu,eU2.?XM~Iye.
404,dbluesb7,Dalton,Blues,dbluesb7@ft.com,xB7_sJvomu5u5
405,nrazouxb8,Nanon,Razoux,nrazouxb8@furl.net,"nO5`SV&h=juShw"""
406,ggoninb9,Gerry,Gonin,ggoninb9@wikimedia.org,"tH7_~`$!tE"""
407,dwelbrockba,Demeter,Welbrock,dwelbrockba@photobucket.com,"uV8\R%xt""|}DYZ"
408,cschwartzbb,Casper,Schwartz,cschwartzbb@illinois.edu,"wJ5)51""{N"
409,rbassettbc,Renaud,Bassett,rbassettbc@wix.com,wB1|d1>e&i&DEpcT
410,wshotboultebd,Willabella,Shotboulte,wshotboultebd@businesswire.com,mX0}o&C`Z)g0
411,dbelfieldbe,Dani,Belfield,dbelfieldbe@state.tx.us,hH9*k<){
412,cfrisdickbf,Clio,Frisdick,cfrisdickbf@addtoany.com,qW5+KmJu')d
413,rrotlaufbg,Rob,Rotlauf,rrotlaufbg@i2i.jp,rE3(+{/SOFSA
414,mfeyerbh,Marty,Feyer,mfeyerbh@instagram.com,dW3/om!{)t/
415,wsommervillebi,Wynne,Sommerville,wsommervillebi@tuttocitta.it,wO1$N(\To/7O?'fu
416,tpiddockbj,Tandy,Piddock,tpiddockbj@chron.com,jQ2!@fK%Qek<o
417,cpenellibk,Cecile,Penelli,cpenellibk@nymag.com,qB8}vS@YNZo}{Ks
418,cmercikbl,Casie,Mercik,cmercikbl@wp.com,qK0}6d<!
419,brosinibm,Brenna,Rosini,brosinibm@europa.eu,hS6\Oo.A<R1@Za61
420,qmorrellbn,Quent,Morrell,qmorrellbn@ucla.edu,uT5*#KG8+
421,ndatbo,Nari,Dat,ndatbo@businessinsider.com,hE0%n$p3+hK>
422,jsurgeonerbp,Joceline,Surgeoner,jsurgeonerbp@fda.gov,cP6<|&W.~
423,dwheelwrightbq,Dreddy,Wheelwright,dwheelwrightbq@noaa.gov,hK4|{++#4P8g/_
424,pbettensonbr,Phip,Bettenson,pbettensonbr@digg.com,jU8!/c8SeR
425,dcristofaribs,Dinny,Cristofari,dcristofaribs@wordpress.org,rV0(uqo3
426,fayarsbt,Fran,Ayars,fayarsbt@cloudflare.com,kF2=ThyM%n
427,cmaffeobu,Caleb,Maffeo,cmaffeobu@ycombinator.com,sV9\JKIKA
428,blambotbv,Brendon,Lambot,blambotbv@tmall.com,uR7+!'Q}E
429,bringwoodbw,Berna,Ringwood,bringwoodbw@weather.com,eM7/FpX~Nf(n
430,tskittrellbx,Thomasin,Skittrell,tskittrellbx@de.vu,eZ3}T~ChcAYU
431,aferrieroiby,Ariela,Ferrieroi,aferrieroiby@accuweather.com,xF6!B|h2*z
432,gferruzzibz,Garik,Ferruzzi,gferruzzibz@last.fm,zU0(z%nW=kLltx
433,lmosec0,Lizabeth,Mose,lmosec0@is.gd,cP0(8+J`1\.rg4
434,wnuddec1,Wayne,Nudde,wnuddec1@nifty.com,"iQ4_}%CkuE,=L"
435,ballderc2,Beilul,Allder,ballderc2@domainmarket.com,bQ5)k~10M7}a
436,bstuffinsc3,Babette,Stuffins,bstuffinsc3@squarespace.com,"gJ4\F,_lO%"
437,lminguetc4,Lotta,Minguet,lminguetc4@usnews.com,rE9%t(t+)
438,agannicleffc5,Allie,Gannicleff,agannicleffc5@huffingtonpost.com,vA1%mH42x#qWQ6b7
439,achallenerc6,Anallise,Challener,achallenerc6@washingtonpost.com,iP3>b5rpd70)
440,oglancyc7,Opaline,Glancy,oglancyc7@eventbrite.com,tX1%y`#xKHin9}v
441,npaultonc8,Nanette,Paulton,npaultonc8@nih.gov,rK8@XMPQ?
442,abundyc9,Allina,Bundy,abundyc9@yellowpages.com,dB0@t=\%\1
443,cpettitca,Carly,Pettit,cpettitca@fotki.com,"kO6(<F7MB="""
444,esyddallcb,Elias,Syddall,esyddallcb@accuweather.com,gL0+\rs!9DfN<Cm
445,btorrijoscc,Becca,Torrijos,btorrijoscc@va.gov,dC2{U}LN+Ao<B3
446,cgormancd,Casey,Gorman,cgormancd@miitbeian.gov.cn,aX3_!q45.b
447,lgreguolce,Lorilyn,Greguol,lgreguolce@unblog.fr,vR4=4v9X'
448,smacnesscf,Shellie,MacNess,smacnesscf@usda.gov,gW8$3U(Co!G5
449,pnormandcg,Portie,Normand,pnormandcg@sphinn.com,pN5.Jll?k{6Bdz6K
450,eabramowitzch,Edita,Abramowitz,eabramowitzch@salon.com,mO0`0B(G$
451,cmanketellci,Catlee,Manketell,cmanketellci@t-online.de,"pP5?bt|k,nW'"
452,iquantcj,Isis,Quant,iquantcj@phoca.cz,mW9<+q.|dp/6
453,rhanmerck,Rici,Hanmer,rhanmerck@t.co,fR7*&\f6xvKi
454,gbiernackicl,Goran,Biernacki,gbiernackicl@oaic.gov.au,hB0`#1|g)Ech*dm/
455,kdahlercm,Kaine,Dahler,kdahlercm@discuz.net,vP9|7E|ezqMU2
456,emewittcn,Evvy,Mewitt,emewittcn@vistaprint.com,tJ1}f`vl6s8mM
457,kabbottsco,Kissie,Abbotts,kabbottsco@spiegel.de,uD9_/f$LI2My/
458,estorrarcp,Etti,Storrar,estorrarcp@about.com,iS5@U8K*1n\(o.8
459,jcelliercq,Jacintha,Cellier,jcelliercq@cmu.edu,hO9&1ty5L\lR9WN
460,hsteficr,Heloise,Stefi,hsteficr@ezinearticles.com,cB3#EWg_ryYS=V'!
461,edobbingcs,Eileen,Dobbing,edobbingcs@spotify.com,"rT7~""Z31"
462,lfullardct,Lauraine,Fullard,lfullardct@histats.com,dK4@KRh5m)M<47dv
463,kosbaldestoncu,Kesley,Osbaldeston,kosbaldestoncu@narod.ru,kS1'2<\suDFNNa%
464,bscurrellcv,Brit,Scurrell,bscurrellcv@yahoo.co.jp,uM9/#M/RF!~|h
465,rappleyardcw,Rustie,Appleyard,rappleyardcw@stumbleupon.com,kQ9+F#GMS@YJU
466,tbarbarycx,Timothee,Barbary,tbarbarycx@arizona.edu,xM6)||xU.}ri1
467,bbenamcy,Boote,Benam,bbenamcy@exblog.jp,xA2{y)f$5D+7
468,mwestnagecz,Merrel,Westnage,mwestnagecz@smugmug.com,"xF1/4YD3In""qNLVg"
469,hchmield0,Homerus,Chmiel,hchmield0@homestead.com,yL8?9aLK
470,tmacgovernd1,Tish,MacGovern,tmacgovernd1@dion.ne.jp,jL7>/#$pr
471,jdabernottd2,Jeno,Dabernott,jdabernottd2@buzzfeed.com,kX8#.xaye~Jo`&%}
472,fmedlind3,Felicio,Medlin,fmedlind3@webmd.com,"zV6,zQ$4E"
473,cpiggremd4,Cristabel,Piggrem,cpiggremd4@behance.net,"kC3/k0Vs{l""l\z"
474,brickettsd5,Barnebas,Ricketts,brickettsd5@studiopress.com,qU1\<5_2G8ias5w
475,srigged6,Sonnie,Rigge,srigged6@tripod.com,kU1(~.TAT
476,mworwoodd7,Morissa,Worwood,mworwoodd7@boston.com,"dF6(xE,V~\g"
477,igeaked8,Ilka,Geake,igeaked8@alibaba.com,rB1||Z`1vDS(3<
478,cmoncrefed9,Carleton,Moncrefe,cmoncrefed9@sun.com,"mS8<9FktFgE4//,"
479,thaddowda,Trenton,Haddow,thaddowda@nih.gov,"qM9""c@J'GGB2s"
480,swhybraydb,Sybila,Whybray,swhybraydb@goodreads.com,xU1@*KP4
481,tharbisondc,Tami,Harbison,tharbisondc@php.net,hR5*\MAWoNxj
482,dheamdd,Dorine,Heam,dheamdd@pen.io,uS2)'Gh/.5bqJn5
483,pwoollonsde,Pris,Woollons,pwoollonsde@nymag.com,vF9%yr3>FoUFh
484,nangierdf,Nani,Angier,nangierdf@cornell.edu,wI1+W$YG<IL772jZ
485,twaldramdg,Twyla,Waldram,twaldramdg@stanford.edu,"zD0""{i/Jo.qPHy7>"
486,igynndh,Ibby,Gynn,igynndh@mayoclinic.com,"xF5""MM1L*Wu8_UXr"
487,jcranndi,Jaynell,Crann,jcranndi@wikipedia.org,dH8|U3cYm7@GN
488,rdullingdj,Raphael,Dulling,rdullingdj@discuz.net,fQ2{6n'sIHa
489,smardeedk,Samson,Mardee,smardeedk@tuttocitta.it,kS2<U5vdcKi'S'
490,dvizarddl,Damon,Vizard,dvizarddl@blinklist.com,lW2(v612G
491,ecorkhilldm,Ella,Corkhill,ecorkhilldm@pen.io,nL1.jB+`4
492,jchaslesdn,Jen,Chasles,jchaslesdn@cyberchimps.com,yQ4<avn82bw=
493,lfernezdo,Ludvig,Fernez,lfernezdo@vimeo.com,aX2?0}lh
494,mdigandp,Morgan,Digan,mdigandp@about.com,wM7#g|7/S|(3H?o
495,ncoastdq,Nevins,Coast,ncoastdq@theglobeandmail.com,hL4*Xaiz
496,lclaeskensdr,Leigh,Claeskens,lclaeskensdr@sun.com,gP2@b%Y9}*G
497,lfladgateds,Lance,Fladgate,lfladgateds@whitehouse.gov,"uS0,51o?w|Zev9"
498,ariccettidt,Annemarie,Riccetti,ariccettidt@reference.com,uM7<_#cZ
499,apiercydu,Andrei,Piercy,apiercydu@usgs.gov,tU3$ru>NMw
500,amacmenemydv,Allx,MacMenemy,amacmenemydv@csmonitor.com,rD5(Mit$emv
501,mtattondw,Mahmud,Tatton,mtattondw@a8.net,aX5+_w%62j
502,rdelacostedx,Rodina,Delacoste,rdelacostedx@dyndns.org,oJ8}>'HTUuE
503,smartugindy,Shaylah,Martugin,smartugindy@epa.gov,jU5}A4~wO
504,amealanddz,Anders,Mealand,amealanddz@de.vu,eV6=uq1.
505,abashforde0,Arch,Bashford,abashforde0@bigcartel.com,kJ1%4$+9cVfAK
506,bpummelle1,Blake,Pummell,bpummelle1@ftc.gov,"zS5+c""q`V{DlBv`9"
507,gessebye2,Guglielma,Esseby,gessebye2@google.pl,oA3@iU3j4
508,rbouchiere3,Rufus,Bouchier,rbouchiere3@creativecommons.org,vI6'HoQE
509,jlambournee4,Jemimah,Lambourne,jlambournee4@liveinternet.ru,cZ7=Z@Vk9dwVXWQ6
510,fleblance5,Felicle,Leblanc,fleblance5@diigo.com,hR6*OaG.8S?/
511,tnozzoliie6,Thornton,Nozzolii,tnozzoliie6@msn.com,cO6=v`h?is
512,rsherwene7,Roma,Sherwen,rsherwene7@ocn.ne.jp,xQ2+%r.L87FdQ
513,dbixleye8,Dun,Bixley,dbixleye8@ameblo.jp,yV1>72DhKa~I
514,apepyse9,Arabelle,Pepys,apepyse9@tuttocitta.it,uW3%/2r)+>
515,lcarlensea,Lorilyn,Carlens,lcarlensea@woothemes.com,lW2+~'rAOv
516,sstareeb,Siouxie,Stare,sstareeb@icq.com,hR9=#`YL`}wY
517,maselec,Madalyn,Asel,maselec@thetimes.co.uk,rI7>do9NM
518,mhaddocked,Marylinda,Haddock,mhaddocked@cyberchimps.com,eS4$ecT*WWY
519,vgarrattleyee,Vally,Garrattley,vgarrattleyee@bloomberg.com,"wC0!JK9,r2S"
520,lpolleref,Lyman,Poller,lpolleref@vinaora.com,"vN9!(b4""""OUrr%"
521,wfirsbyeg,Wallis,Firsby,wfirsbyeg@ted.com,wD0#82_`0N=O
522,rkarlolczakeh,Raye,Karlolczak,rkarlolczakeh@wix.com,hE4<@F_@UR?egY
523,apooltonei,Ashia,Poolton,apooltonei@blogspot.com,iM0~ojJvDr0
524,lnortheastej,Lishe,Northeast,lnortheastej@topsy.com,pT1#}AFc
525,cplettek,Carla,Plett,cplettek@nationalgeographic.com,qB0'A.>UcG
526,rlipmannel,Ricky,Lipmann,rlipmannel@g.co,zB5{js#32C7IU.H
527,msoeiroem,Merle,Soeiro,msoeiroem@hostgator.com,"uZ0/,#%mFL@gU"
528,etribbleen,Ernst,Tribble,etribbleen@jugem.jp,"qO8'{.C,Q_%{0"
529,apellanteo,Antoinette,Pellant,apellanteo@noaa.gov,zZ4|GQlx5n_S
530,sparmeterep,Sheffield,Parmeter,sparmeterep@blogtalkradio.com,tP0~e4p}wV2ih
531,nespinaleq,Nye,Espinal,nespinaleq@weather.com,rL6`&Cx9DoK~{.j
532,rmattheiser,Richmond,Mattheis,rmattheiser@usnews.com,cR3&&yWPK
533,mlippiettes,Mitchel,Lippiett,mlippiettes@latimes.com,qK7~!`F&
534,dkelwicket,Dietrich,Kelwick,dkelwicket@hibu.com,qE6{C`QW8GTw
535,dsmewingseu,Dominic,Smewings,dsmewingseu@ustream.tv,eA5!kY.7o`Dz
536,sdomkeev,Sonni,Domke,sdomkeev@meetup.com,nY9=Wwg@o
537,pduceew,Pascal,Duce,pduceew@tinypic.com,"wN9,Wz?,/Fm<z`4"
538,sbruntjeex,Shandy,Bruntje,sbruntjeex@yahoo.com,sL7@0SU2Y37!RT8b
539,uheaslyey,Uta,Heasly,uheaslyey@dailymail.co.uk,wC5*#)IEW
540,mwillingaleez,Mariele,Willingale,mwillingaleez@google.ca,"hT8@?NR""/M@g"
541,losanf0,Luella,Osan,losanf0@behance.net,qF1#'Q.XuuR3
542,abythwayf1,Arny,Bythway,abythwayf1@admin.ch,oC5@'!_TtnaZ
543,rfloodf2,Romonda,Flood,rfloodf2@mit.edu,uY0$/`4=$zH\>Z
544,tpatersonf3,Toby,Paterson,tpatersonf3@spiegel.de,"jH1""g\R/0d2)"
545,icescottif4,Ives,Cescotti,icescottif4@washington.edu,"sP9,gY>*D%`2))WZ"
546,fdracksfordf5,Fabiano,Dracksford,fdracksfordf5@home.pl,aZ6$XZnK
547,sgaynef6,Sosanna,Gayne,sgaynef6@theglobeandmail.com,bY8'Kb*FSB8'm
548,bfellowsf7,Bernette,Fellows,bfellowsf7@hibu.com,kS2@4z&SDE?YSr
549,cgladtbachf8,Celene,Gladtbach,cgladtbachf8@uol.com.br,uG1`V\#9GLfx_v
550,evickersf9,Ely,Vickers,evickersf9@macromedia.com,gX6@{hbl
551,ethornborrowfa,Eberhard,Thornborrow,ethornborrowfa@state.gov,"zV5""3$|@C""aanzQ"
552,mvinterfb,Mora,Vinter,mvinterfb@yelp.com,nJ1.}$}*r
553,npolglasefc,Noel,Polglase,npolglasefc@google.ru,yD6!@+TN!O
554,hkeppefd,Hermione,Keppe,hkeppefd@mayoclinic.com,kR2@=4u9
555,smattiessenfe,Sue,Mattiessen,smattiessenfe@craigslist.org,"zE9+3P(lhr#""C#="
556,hgavenff,Herculie,Gaven,hgavenff@hc360.com,"yI8~7im?zVI""}"
557,rgreimfg,Ryan,Greim,rgreimfg@cnet.com,eY6<awB2_B
558,slinscottfh,Sharline,Linscott,slinscottfh@mozilla.org,aP5&%(I(w
559,fdearnleyfi,Farrel,Dearnley,fdearnleyfi@techcrunch.com,"sT4/,HmACCe!c="
560,cstebbinsfj,Cory,Stebbins,cstebbinsfj@facebook.com,uV6>0@v<D%fEJ+LX
561,jblunderfieldfk,Jo,Blunderfield,jblunderfieldfk@cbsnews.com,"hI5""m0%dhy|pH"
562,ctullfl,Corilla,Tull,ctullfl@theatlantic.com,cJ6.eU>zQ~z
563,ascarsbrookfm,Albie,Scarsbrook,ascarsbrookfm@cloudflare.com,iL9@8OlF*\|rb
564,ademeterfn,Ainslee,Demeter,ademeterfn@diigo.com,gP6$ep1p(
565,acouchmanfo,Andra,Couchman,acouchmanfo@sun.com,jA3$NDVu
566,ehammelbergfp,Evania,Hammelberg,ehammelbergfp@indiatimes.com,gJ2.FpjvBmM
567,xpittwayfq,Xymenes,Pittway,xpittwayfq@dyndns.org,"qP7$4V="""
568,jsmalefr,Juliane,Smale,jsmalefr@bing.com,"rC5<""dHk/pa"
569,ckurtonfs,Cory,Kurton,ckurtonfs@purevolume.com,oC4=L#yN.7h=LEq
570,dcowinsft,Dionis,Cowins,dcowinsft@seattletimes.com,kM5%ZN4I5oK
571,mmaliffefu,Marlene,Maliffe,mmaliffefu@mediafire.com,tO5~l8d9r
572,gvlahosfv,Gizela,Vlahos,gvlahosfv@ed.gov,hZ5}G?&Zp>1.f
573,cmcterrellyfw,Corrianne,McTerrelly,cmcterrellyfw@shareasale.com,jU9|?%=dZ_UJ
574,ostolworthyfx,Osgood,Stolworthy,ostolworthyfx@dailymotion.com,"wR9,IN""xaI"
575,ahaguefy,Alejandra,Hague,ahaguefy@google.it,mF6&9z$(V_o<QU+p
576,lsoanesfz,Lauralee,Soanes,lsoanesfz@twitpic.com,"qU0?OpNSQeK$,4"
577,pdelascig0,Phelia,De Lasci,pdelascig0@princeton.edu,"qV4|&rm""("
578,gpracyg1,Gustave,Pracy,gpracyg1@cisco.com,"hE5$/JXKM,e~"
579,mpoytressg2,Mattias,Poytress,mpoytressg2@amazon.com,"eT5)YK(fqfJYZB~,"
580,pbertomieug3,Pattie,Bertomieu,pbertomieug3@tinypic.com,tW9/VeX@2v.Dz@56
581,kmussong4,Kordula,Musson,kmussong4@latimes.com,"cH4*aSHEXH?""#r!"
582,nduckwithg5,Novelia,Duckwith,nduckwithg5@washington.edu,"xP1/ctU!mA""oy@9l"
583,cwallenting6,Courtnay,Wallentin,cwallenting6@nifty.com,vZ3`5Q!O<3*_
584,skubasg7,Shaughn,Kubas,skubasg7@wordpress.com,sB8>)L1\
585,hbirkbeckg8,Hermie,Birkbeck,hbirkbeckg8@blogspot.com,aA4~tlYZr3.
586,acampellig9,Arny,Campelli,acampellig9@archive.org,uG9?wgY4
587,gellsonga,Giulia,Ellson,gellsonga@jalbum.net,"gE1#m2<S,jVs$"
588,mhurrangb,Mozelle,Hurran,mhurrangb@seesaa.net,"tJ5#erIkSy4,cU"
589,rlindenfeldgc,Randal,Lindenfeld,rlindenfeldgc@1und1.de,wV2$~z+JHZ\'%
590,ajoslyngd,Ania,Joslyn,ajoslyngd@apple.com,xD2\Q4(`b~~j
591,mglazebrookge,Minor,Glazebrook,mglazebrookge@vimeo.com,eL4=arXSF*ri0=W
592,dsawersgf,Denys,Sawers,dsawersgf@scribd.com,"kT4}""{'DF"
593,jwakefordgg,Juan,Wakeford,jwakefordgg@admin.ch,"lC9,D5'rFl#?"
594,skenworthygh,Sabra,Kenworthy,skenworthygh@exblog.jp,rK8!mxhz
595,hbalderstonegi,Haroun,Balderstone,hbalderstonegi@noaa.gov,iT1+yt1.XT
596,shyndgj,Sheba,Hynd,shyndgj@nymag.com,bA3*0WrLWrE=e
597,ffleemangk,Francine,Fleeman,ffleemangk@marriott.com,bO3/JJ6zh
598,rchoppengl,Reinaldo,Choppen,rchoppengl@indiegogo.com,wI7%fH?j
599,sstruthergm,Shirl,Struther,sstruthergm@aboutads.info,bA9=ON#$y
600,heddowgn,Holly,Eddow,heddowgn@tripod.com,jO8|r?QJ.?B
601,tfaulkesgo,Thorin,Faulkes,tfaulkesgo@exblog.jp,kN7&W1l7!AO
602,grubenovicgp,Giordano,Rubenovic,grubenovicgp@patch.com,eD7+#3<AX?z%vqk
603,gbarmegq,Gillie,Barme,gbarmegq@yahoo.com,mZ7@fYok
604,lyoungmangr,Lucho,Youngman,lyoungmangr@google.com.au,aY8>T!{<
605,cruttergs,Cass,Rutter,cruttergs@vistaprint.com,hC5|CQO9aG
606,imarkwellgt,Ibbie,Markwell,imarkwellgt@desdev.cn,iC6~d57\>6!DwgS
607,rbevingtongu,Ricoriki,Bevington,rbevingtongu@hao123.com,jE7%R)9ZS2ISB/
608,cosmangv,Chelsae,Osman,cosmangv@domainmarket.com,nI6$n}@i6/
609,aelacoategw,Alain,Elacoate,aelacoategw@hhs.gov,oI4_I$G$T
610,kcongravegx,Kerianne,Congrave,kcongravegx@answers.com,rD3/|gJ&L18Q
611,vandersgy,Vanya,Anders,vandersgy@utexas.edu,zP3\)}2B.J1<
612,mmountneygz,Mirella,Mountney,mmountneygz@archive.org,"cR3`k$8,"
613,hcrummeyh0,Harlie,Crummey,hcrummeyh0@nih.gov,dN6+H9y>uY~
614,ihayersh1,Irvin,Hayers,ihayersh1@uiuc.edu,eJ2/w6RBPL{p$@
615,fsuggeyh2,Farlie,Suggey,fsuggeyh2@home.pl,pB6_/@C3d
616,bgowingh3,Bruno,Gowing,bgowingh3@who.int,"rU6<g=B.AOLK""!"
617,pbuckseyh4,Paquito,Bucksey,pbuckseyh4@php.net,lC0+TG(&
618,wgaynesh5,Wanids,Gaynes,wgaynesh5@cdc.gov,yR9<RtESW_a
619,forrahh6,Farah,Orrah,forrahh6@t.co,mO0.Ty)Wk|p2c
620,jkunah7,Jenni,Kuna,jkunah7@bluehost.com,wB0)xO4l
621,floveitth8,Fraser,Loveitt,floveitth8@nps.gov,"wJ9,n~l|"
622,plambertinih9,Phaedra,Lambertini,plambertinih9@clickbank.net,eE3\+O+SNmcmk3}M
623,aitschakovha,Adelle,Itschakov,aitschakovha@ibm.com,yZ3<xdWv
624,lsirettehb,Lucinda,Sirette,lsirettehb@cdc.gov,"uL2*plmO@q,"
625,sspauntonhc,Salome,Spaunton,sspauntonhc@delicious.com,sJ4/1M>>3a1Ri|~
626,rpinockhd,Rebeka,Pinock,rpinockhd@wp.com,tN7/.xB~9&WuK{
627,henzleyhe,Hernando,enzley,henzleyhe@cargocollective.com,"sX4}yWu""A#8k{"
628,bgrassickhf,Brietta,Grassick,bgrassickhf@tiny.cc,vJ4!2a}s
629,rhackforthhg,Rickie,Hackforth,rhackforthhg@shop-pro.jp,aI7_iVn=!<C
630,mbalnavehh,Mercedes,Balnave,mbalnavehh@arstechnica.com,"wM5>_Yzo+~yE,@n"
631,wstlegerhi,Willis,St. Leger,wstlegerhi@twitter.com,aL5&j5Y<
632,brichardsonhj,Bonnie,Richardson,brichardsonhj@dell.com,"yK3,/lF,sd4/""x/"
633,kollerheadhk,Kennie,Ollerhead,kollerheadhk@cbslocal.com,eU5.KvDSd!l@
634,jfalloonhl,Joann,Falloon,jfalloonhl@shop-pro.jp,aY8=WOxH#jHOn4pl
635,lmytonhm,Leroi,Myton,lmytonhm@ycombinator.com,"cH6/`BTT7""nEdYj)"
636,mjaycockshn,Mignonne,Jaycocks,mjaycockshn@netlog.com,tS1_!+4gsu82S@
637,amartonfiho,Archie,Martonfi,amartonfiho@geocities.com,xV3(v)00rquc
638,dbalasinihp,Daphene,Balasini,dbalasinihp@blogspot.com,dF3`u$_$!ix
639,ssherreardhq,Sophey,Sherreard,ssherreardhq@xrea.com,vS1!dN3ub>q=@3
640,clilliehr,Christy,Lillie,clilliehr@ifeng.com,kH9$?'RZ
641,rolandhs,Rafe,Oland,rolandhs@booking.com,nR0+Za&R(
642,gbrideauxht,Giustino,Brideaux,gbrideauxht@kickstarter.com,"fR1%h#w""DO"
643,sroffhu,Shannah,Roff,sroffhu@macromedia.com,fK6&{%g>F`TKAf
644,ebromfieldhv,Elvira,Bromfield,ebromfieldhv@people.com.cn,wP2}KYkI+vpf{*f5
645,ckondrachenkohw,Claiborn,Kondrachenko,ckondrachenkohw@statcounter.com,uY7%(G1G9
646,esmithamhx,Elijah,Smitham,esmithamhx@skype.com,jC8@0sGeLwiz@(x
647,akemellhy,Alfons,Kemell,akemellhy@wufoo.com,cH6{/=XBE
648,dhayhz,Debera,Hay,dhayhz@npr.org,jU2\JTe2{)J}X
649,ehaitliei0,Evangelina,Haitlie,ehaitliei0@mayoclinic.com,"dR8?ce""HbNZC"
650,cguillotini1,Collin,Guillotin,cguillotini1@cornell.edu,hI5`+3udAC/l
651,pkelledyi2,Peadar,Kelledy,pkelledyi2@spiegel.de,qU1\$+GNSs
652,cspawforthi3,Cletus,Spawforth,cspawforthi3@prlog.org,jZ0!ZWESs6Hy`V
653,mivanyutini4,Marcia,Ivanyutin,mivanyutini4@blogtalkradio.com,eR7|wHu{\c/bzW
654,bcicuttoi5,Bernadine,Cicutto,bcicuttoi5@ibm.com,wI0@)WICbhOc
655,agoodridgei6,Arnaldo,Goodridge,agoodridgei6@nsw.gov.au,"lZ9|8,fAS$6F"
656,jbailsi7,Janos,Bails,jbailsi7@cdbaby.com,"rB2(N9,#0O_"
657,sitscovitzi8,Sascha,Itscovitz,sitscovitzi8@imgur.com,oP0/W0rY
658,lmowlei9,Lillis,Mowle,lmowlei9@myspace.com,"jX5,%hYWLf&"
659,tmurphyia,Tanitansy,Murphy,tmurphyia@quantcast.com,"mX6\,R%N+0t#""%"
660,scoaleib,Shea,Coale,scoaleib@dyndns.org,fA5=qPDR>>v
661,cpaulinic,Chelsie,Paulin,cpaulinic@soundcloud.com,zJ4>nA5Wv
662,dhuzzeyid,Doloritas,Huzzey,dhuzzeyid@joomla.org,kE3(?7$+}Z?eZ<
663,jmctrustyie,Juana,McTrusty,jmctrustyie@prweb.com,vC3_%}Fp@k
664,rvanoordif,Roxine,Van Oord,rvanoordif@reference.com,"fS8,mSo|$,ga"
665,pbutterleyig,Pren,Butterley,pbutterleyig@china.com.cn,sU9.zQKNxmyG27gF
666,ahouseagoih,Archambault,Houseago,ahouseagoih@mashable.com,xT8&L\_gss
667,bdirandii,Barnaby,Dirand,bdirandii@technorati.com,yQ4&=%u&gFn?
668,aruttij,Ame,Rutt,aruttij@dion.ne.jp,kM4}5=18#T+X3_
669,aknibbik,Alanna,Knibb,aknibbik@wp.com,vD1<`*7c9OTQvc`
670,sbembridgeil,Shepard,Bembridge,sbembridgeil@alexa.com,oB3_1`UxHZRHtl
671,alindwallim,Agace,Lindwall,alindwallim@csmonitor.com,mW6)V3/{7awt#G
672,nabbeyin,Nikkie,Abbey,nabbeyin@abc.net.au,"nR0)M'L7_,)"
673,cawinio,Charlene,Awin,cawinio@addtoany.com,rS2+{SJ{9
674,rfouracreip,Rheta,Fouracre,rfouracreip@fema.gov,mP2<~qO?8
675,mtwidleiq,Moria,Twidle,mtwidleiq@accuweather.com,"aP7?>`d,$8V"
676,ltremeerir,Lia,Tremeer,ltremeerir@studiopress.com,"dZ9,v_q,&GWX%{"
677,ksimeoneis,Katuscha,Simeone,ksimeoneis@tinyurl.com,"aX5|*D+$jh#/!Y,5"
678,lduplantierit,Leif,Du Plantier,lduplantierit@who.int,"jG4,cftk2`CV9$z"
679,rturbilliu,Ruth,Turbill,rturbilliu@shinystat.com,dV9(eDpVlx
680,kfluiniv,Kienan,Fluin,kfluiniv@imgur.com,fD1%M>ecI
681,sgardeneriw,Sasha,Gardener,sgardeneriw@aol.com,nR0=8F\uOSBy
682,sshyramix,Sandie,Shyram,sshyramix@desdev.cn,xB1%jsPMm
683,fantoniewskiiy,Flynn,Antoniewski,fantoniewskiiy@woothemes.com,rQ5%F%!Ys7Mdf
684,rjuzekiz,Robyn,Juzek,rjuzekiz@sun.com,mB6~Xz'd%b
685,kmattiazzoj0,Kamila,Mattiazzo,kmattiazzoj0@themeforest.net,nL3~<sYv99
686,groistonej1,Guglielma,Roistone,groistonej1@yandex.ru,fW0\VKaaI
687,cgittingj2,Cammy,Gitting,cgittingj2@cisco.com,nP0~!m#r.B.y
688,dsegrottj3,Doe,Segrott,dsegrottj3@netvibes.com,"pL7""GXp%e+"
689,ckainj4,Cati,Kain,ckainj4@com.com,fL0%+x|G
690,ftomlinsj5,Farand,Tomlins,ftomlinsj5@slideshare.net,bA4(JQk(W~m}feL
691,cpeerj6,Carree,Peer,cpeerj6@surveymonkey.com,xS6#mtlU?ybr
692,kshinglesj7,Kennith,Shingles,kshinglesj7@dailymotion.com,cU0!H?9)3G
693,dpitkinj8,Darell,Pitkin,dpitkinj8@bloomberg.com,oC4.)x<G>\yvQ
694,celwillj9,Cristal,Elwill,celwillj9@wordpress.org,"tR2+""C5qm"
695,sbatropja,Sayres,Batrop,sbatropja@amazonaws.com,lT3$|zM>45lws
696,givanaevjb,Geordie,Ivanaev,givanaevjb@de.vu,gL3<*}T#F=
697,tlanktreejc,Terrye,Lanktree,tlanktreejc@bbc.co.uk,bC3`e(nFR%4VpSP
698,mworkmanjd,Marv,Workman,mworkmanjd@latimes.com,cV8@07rgq7
699,ccrumbyje,Celeste,Crumby,ccrumbyje@ifeng.com,"yT3'N.WQ""mdA"
700,ybiglinjf,Yank,Biglin,ybiglinjf@photobucket.com,gG5_\RKS(
701,eferonetjg,Eirena,Feronet,eferonetjg@g.co,lC9~EP<4
702,dkwiekjh,Debbie,Kwiek,dkwiekjh@tinyurl.com,fP1(}*Sf
703,hrontreeji,Hagen,Rontree,hrontreeji@sina.com.cn,"qK4""rN@,_'oe{q"
704,nbeushawjj,Nonnah,Beushaw,nbeushawjj@statcounter.com,jW4{4\M~
705,dflattjk,Darda,Flatt,dflattjk@virginia.edu,xB7!/V9z'8
706,cclacsonjl,Courtenay,Clacson,cclacsonjl@webeden.co.uk,"sN8{m""F!>"
707,dpentelojm,Darda,Pentelo,dpentelojm@opensource.org,"rR9,'U<YXcq1z"
708,kstandbrookejn,Karena,Standbrooke,kstandbrookejn@google.com.br,wD2!TEx*Y
709,kjeffressjo,Kevan,Jeffress,kjeffressjo@live.com,pO4.eA&j4mUF
710,cassinderjp,Cchaddie,Assinder,cassinderjp@cnet.com,"lB9""eJTKh/a"
711,baverayjq,Basil,Averay,baverayjq@nydailynews.com,"pF1{@)""Um"
712,treppaportjr,Teodorico,Reppaport,treppaportjr@artisteer.com,hT4!$k3'pLj
713,ckeysjs,Chastity,Keys,ckeysjs@google.cn,"yS8,rv6d"
714,kterneyjt,Karel,Terney,kterneyjt@usda.gov,fB1>$j}M8z(YV|
715,lpaskerfulju,Lalo,Paskerful,lpaskerfulju@gnu.org,uE2|0.#l_qV
716,cshirejv,Constanta,Shire,cshirejv@chicagotribune.com,gP3}mT}Jz8y
717,ehargjw,Earl,Harg,ehargjw@mac.com,rH6#DYcG{k*HmmL
718,wtuddalljx,Winston,Tuddall,wtuddalljx@huffingtonpost.com,gK1'1Azd
719,disacssonjy,Domenic,Isacsson,disacssonjy@imdb.com,sG6|QT+2#Z3>y
720,tboissierjz,Tait,Boissier,tboissierjz@jiathis.com,lI2)+735<
721,sbiglyk0,Sam,Bigly,sbiglyk0@chron.com,uL2+SUtW_}gR(Y_
722,njindacekk1,Noland,Jindacek,njindacekk1@usda.gov,zJ8&R3=RmRqvH
723,apolek2,Abelard,Pole,apolek2@google.com,kD4)rU?/8q5lTj|
724,nhickink3,Nikki,Hickin,nhickink3@fotki.com,aJ6=Dwn_m
725,kmairsk4,Kain,Mairs,kmairsk4@about.me,vV8<5A2K~Eh
726,jmoloneyk5,Jules,Moloney,jmoloneyk5@census.gov,dX8''YF1v)
727,tfitzsimonsk6,Toni,Fitzsimons,tfitzsimonsk6@bizjournals.com,dT5+o!4)
728,iespiek7,Irv,Espie,iespiek7@jiathis.com,sA3+uJ{N?
729,mcommussok8,Marietta,Commusso,mcommussok8@tumblr.com,vA5)ZT9zVit$<UA
730,kkeherk9,Karylin,Keher,kkeherk9@wikimedia.org,kM4#G!i0EQIcWBk
731,rorrobinka,Rockey,Orrobin,rorrobinka@ovh.net,wI9.fm{mRb~3@{
732,spacekb,Samaria,Pace,spacekb@sitemeter.com,"hS0""wnJB"
733,lhadfieldkc,Lorrayne,Hadfield,lhadfieldkc@google.co.jp,aW0}=oPJJy.
734,ssoreaukd,Sawyer,Soreau,ssoreaukd@vkontakte.ru,zA0%U&}}??tE
735,ybrainke,Yulma,Brain,ybrainke@bluehost.com,zB8<c=fS9*(ahVh
736,oespiekf,Oates,Espie,oespiekf@jalbum.net,oT2*00mx
737,gtissellkg,Gwenni,Tissell,gtissellkg@bloglines.com,aI7!M*>0E7?EV5
738,lrestonkh,Luella,Reston,lrestonkh@baidu.com,gB9|cbF&w#AmjJ
739,gmanhoodki,Gloriane,Manhood,gmanhoodki@cocolog-nifty.com,hY6@\GuH.b3o!4U
740,duttermarekj,Delmor,Uttermare,duttermarekj@rakuten.co.jp,mP2$%Mth8n8
741,abuglerkk,Amitie,Bugler,abuglerkk@drupal.org,bU3{)3=_{'AV/tI5
742,nconwskl,Norris,Conws,nconwskl@myspace.com,oQ2\=\UgU@Ik.dru
743,hrainkm,Haze,Rain,hrainkm@biblegateway.com,hF9#XADy0Q
744,educkwithkn,Earlie,Duckwith,educkwithkn@vinaora.com,qK0\zY+zJx=AUGA
745,bmichieko,Brit,Michie,bmichieko@naver.com,oP7?3maC
746,pjohnikinkp,Parrnell,Johnikin,pjohnikinkp@utexas.edu,eK9(6wb.+A
747,sspeechlykq,Shandra,Speechly,sspeechlykq@ifeng.com,"yG7<!1ZgtC*mn,"
748,afilchakovkr,Alida,Filchakov,afilchakovkr@ebay.com,zV5*TS<&i>P
749,xpettks,Xena,Pett,xpettks@godaddy.com,xX4{e%|%R3D
750,kkonerdingkt,Karney,Konerding,kkonerdingkt@seesaa.net,lS3`y{{8A3$/
751,mebbingsku,Mozelle,Ebbings,mebbingsku@google.com,hP6`1E3<q8SW{RKh
752,dteweskv,Donia,Tewes,dteweskv@walmart.com,eZ1)lP+'I
753,eoclearykw,Elbertine,O'Cleary,eoclearykw@google.es,rK4?6<EUTVC
754,tbanasevichkx,Tanya,Banasevich,tbanasevichkx@comcast.net,bY3}{BsW?\MnC$p8
755,ahollowsky,Andie,Hollows,ahollowsky@cnn.com,sX2_AO5jlqOX
756,fgirardinkz,Frasquito,Girardin,fgirardinkz@pagesperso-orange.fr,lW1<}hDLn3
757,jearlesl0,Jobie,Earles,jearlesl0@smh.com.au,cW4+enggVtq$F
758,tragsdalel1,Tulley,Ragsdale,tragsdalel1@blogs.com,fK8+k1B5UzCm
759,ddivinel2,Donella,Divine,ddivinel2@51.la,nW8.Pe@j7c_.
760,wjuppl3,Wilburt,Jupp,wjuppl3@jiathis.com,"iB5+l8<l38,<wbLs"
761,pharringtonl4,Pierce,Harrington,pharringtonl4@sciencedirect.com,"rZ1?2#7X)v,"".m%E"
762,pbullanl5,Patsy,Bullan,pbullanl5@biblegateway.com,cW5+RmClS\C5
763,mtayspelll6,Mira,Tayspell,mtayspelll6@instagram.com,dZ4$4JPH*@|w3
764,kharrilll7,Kermit,Harrill,kharrilll7@shutterfly.com,wQ3(8e2Jxhv1f~}
765,mtotenl8,Marcelia,Toten,mtotenl8@elegantthemes.com,gC1$XrD/
766,mrawlinsonl9,Modestia,Rawlinson,mrawlinsonl9@pagesperso-orange.fr,kC6\VP51z*Rr?o~4
767,zbillisonla,Zita,Billison,zbillisonla@privacy.gov.au,qQ8/v%WBM
768,vbucklelb,Vivyan,Buckle,vbucklelb@state.tx.us,cG1|P>qNGn
769,bleleulc,Britt,Le Leu,bleleulc@wordpress.org,qW7!DNAT_P<%
770,scoultousld,Stillman,Coultous,scoultousld@google.de,wL5?(F***
771,jchatbandle,Junia,Chatband,jchatbandle@networksolutions.com,mS0~x#8a\PL4
772,edolligonlf,Eugine,Dolligon,edolligonlf@infoseek.co.jp,"qQ8*TexKMn*Hb""!"
773,rdaviddilg,Raffarty,Daviddi,rdaviddilg@digg.com,vW0&fJo6
774,wfernihoughlh,Wolfie,Fernihough,wfernihoughlh@skyrock.com,aG7)1zPCcE!qCP
775,vworshallli,Vladamir,Worshall,vworshallli@sitemeter.com,aZ9#cY}`K
776,lmcgaugheylj,Lew,Mc Gaughey,lmcgaugheylj@addtoany.com,wB5{1uFl
777,hguislerlk,Hedda,Guisler,hguislerlk@nasa.gov,"mA1.0=|""MN<"
778,ccobbledll,Cristin,Cobbled,ccobbledll@so-net.ne.jp,dT1#j)W#Nx
779,bsimonlm,Brunhilde,Simon,bsimonlm@shareasale.com,"iQ3+""y$$W!<oz"
780,wminchentonln,Walt,Minchenton,wminchentonln@adobe.com,uZ1_Ssd(\1
781,cbuncherlo,Chrissie,Buncher,cbuncherlo@umich.edu,vT2_7M_'8N
782,hwincottlp,Hastings,Wincott,hwincottlp@t-online.de,aS5|4YVM
783,cthorbonlq,Corissa,Thorbon,cthorbonlq@sourceforge.net,gF2$+npUsID~S(m
784,csellerslr,Caldwell,Sellers,csellerslr@redcross.org,cG4?v/*znrn
785,bjeaysls,Bernardine,Jeays,bjeaysls@earthlink.net,mG8<#e}fr.
786,hwhyberdlt,Hansiain,Whyberd,hwhyberdlt@wikipedia.org,uS3=2m)Z<
787,lprattingtonlu,Lombard,Prattington,lprattingtonlu@marketwatch.com,mA9*GN}an}
788,tmalinglv,Trixi,Maling,tmalinglv@indiegogo.com,bZ0$!*S=!
789,brijkeseislw,Bobbi,Rijkeseis,brijkeseislw@google.co.jp,"wF9""bQ)}`AJn"
790,awollandlx,Andra,Wolland,awollandlx@macromedia.com,uK8?u&oAb%isl
791,fwannanly,Farly,Wannan,fwannanly@washingtonpost.com,hB6}?ZmC
792,cflorislz,Claribel,Floris,cflorislz@prlog.org,nD9$t0S@<GUU}0
793,ldewanm0,Lishe,Dewan,ldewanm0@wikispaces.com,iF5~8k939
794,mmasseom1,Maridel,Masseo,mmasseom1@hibu.com,sB1<ot|0wY!SE
795,baynscombem2,Beryle,Aynscombe,baynscombem2@intel.com,mH2'EN6yR
796,ckubiczekm3,Cordelia,Kubiczek,ckubiczekm3@constantcontact.com,sU5(\GI+E)3+
797,bcorbertm4,Bonnee,Corbert,bcorbertm4@ucsd.edu,yJ2._F{x.QL
798,alearmanm5,Arte,Learman,alearmanm5@bluehost.com,"kQ2>~)e`#w?,Xa("
799,rlesperm6,Remy,Lesper,rlesperm6@wiley.com,"fK6|&S,L(r#}I&"
800,josmanm7,Joya,Osman,josmanm7@cocolog-nifty.com,xZ6)5@7j5%
801,mmaccarim8,Magda,Maccari,mmaccarim8@exblog.jp,"gF5""uloU"
802,mdawnaym9,Mersey,Dawnay,mdawnaym9@soundcloud.com,nA3}SeSV9w
803,ploncasterma,Penn,Loncaster,ploncasterma@privacy.gov.au,pK8_bNw<~
804,ccatfordmb,Camilla,Catford,ccatfordmb@earthlink.net,tM5(j*H6ZSq%|
805,mgrinleymc,Madalyn,Grinley,mgrinleymc@creativecommons.org,qP1(kmsRIi
806,gmcnaughtmd,Gris,McNaught,gmcnaughtmd@cbc.ca,bH9!ZCq)}1r
807,mmarshalme,Martha,Marshal,mmarshalme@mozilla.org,wW5\y<mPlQB6uZ\
808,vlempertzmf,Vladimir,Lempertz,vlempertzmf@mit.edu,aO0+_9Oh'?I~Ip
809,llarwellmg,Leif,Larwell,llarwellmg@noaa.gov,qM2``iu=tof}eFw
810,mkempmh,Mabelle,Kemp,mkempmh@gizmodo.com,"xC1{o>|""%{@"
811,aainsbymi,Annette,Ainsby,aainsbymi@japanpost.jp,"tC7@vA1zt.S,v2j"
812,mdrehermj,Marlena,Dreher,mdrehermj@etsy.com,gN3)#bYf75x}
813,clevingemk,Corny,Levinge,clevingemk@washington.edu,gB8@8s4etrR{o?
814,arantoullml,Alison,Rantoull,arantoullml@slideshare.net,iG9@A0_<K1V>pTek
815,cdranmm,Cherish,Dran,cdranmm@thetimes.co.uk,yL2)`<P?+
816,gjordenmn,Gordie,Jorden,gjordenmn@nytimes.com,"kC1>Ok!EU""Mq5nP"
817,dcroptonmo,Derron,Cropton,dcroptonmo@mit.edu,"rV2_fNg5hD""A`(."
818,mjuppemp,Miller,Juppe,mjuppemp@nydailynews.com,yO7$R>'c*lO7FH
819,tandriollimq,Teodoro,Andriolli,tandriollimq@pinterest.com,uB4.Sa~|$pWR!K8z
820,jconnichiemr,Jed,Connichie,jconnichiemr@twitpic.com,lQ0&.l<ACNQN%B
821,pisleyms,Prentiss,Isley,pisleyms@washington.edu,"eN2+oe""TG5<?YyrB"
822,vlewseymt,Valentine,Lewsey,vlewseymt@shinystat.com,iT5/BwyEnBc
823,tbrisardmu,Tabitha,Brisard,tbrisardmu@sciencedirect.com,"gM4.HDw,lL+rl8im"
824,kbourleymv,Kimberli,Bourley,kbourleymv@boston.com,"hC4,h4749M,s"
825,klawrencesonmw,Kennan,Lawrenceson,klawrencesonmw@japanpost.jp,jZ6$QdMxH
826,cratnagemx,Clemmy,Ratnage,cratnagemx@plala.or.jp,lN6++X/sHcVX
827,rmacinerneymy,Rudd,MacInerney,rmacinerneymy@drupal.org,tM1)bIfq
828,bpreatormz,Benny,Preator,bpreatormz@about.me,wO0#'+S2yepEWo|k
829,ychorltonn0,Yul,Chorlton,ychorltonn0@walmart.com,zF6_TyQk~r2|_6
830,bwetherbyn1,Billye,Wetherby,bwetherbyn1@state.tx.us,nP1{vW)\(aw=5+
831,druden2,Derrik,Rude,druden2@google.com,jM3_YZPq@#
832,rcallejan3,Reiko,Calleja,rcallejan3@youtu.be,mL7~c7P'd
833,ericioppon4,Evangelia,Ricioppo,ericioppon4@blinklist.com,"hW3""Ah_Dt"
834,lingarfilln5,Leona,Ingarfill,lingarfilln5@weebly.com,"hJ7,ZI,_Bd1"
835,dkolczynskin6,Dyanna,Kolczynski,dkolczynskin6@ucla.edu,qQ5~FOC&Y\Ss|@
836,cfancuttn7,Christiana,Fancutt,cfancuttn7@ycombinator.com,kH4)@|Qoo9o
837,evigrassn8,Egan,Vigrass,evigrassn8@mashable.com,qR1?r>w5(_'17w5r
838,rtomasiann9,Ricard,Tomasian,rtomasiann9@salon.com,cE5~E4sHJzBuQ$
839,blatena,Barnard,Late,blatena@disqus.com,rF8>$TwPdRuM6m
840,pdudmannb,Pearline,Dudman,pdudmannb@vkontakte.ru,gM4!tDvvTjh\r9G
841,mswornenc,Malva,Sworne,mswornenc@reference.com,"sD7?mEY#oA>6""S_G"
842,kokeynd,Karolina,Okey,kokeynd@reuters.com,yS8~`VzZf
843,gkittemanne,Glendon,Kitteman,gkittemanne@quantcast.com,"nI2,glHd2"
844,rbownf,Ranee,Bow,rbownf@studiopress.com,mS6&N<Ycl
845,breadeng,Blinny,Reade,breadeng@sciencedirect.com,"pF0~SS0d,"
846,dwhiskernh,Deidre,Whisker,dwhiskernh@rediff.com,jG1$Lir9{y&6}/Qg
847,krhodefni,Kara,Rhodef,krhodefni@drupal.org,"lP1""m`JcmAI"
848,rmartinetsnj,Raoul,Martinets,rmartinetsnj@stumbleupon.com,iF1*\8nIP?!aDwMl
849,tvanstonenk,Talyah,Vanstone,tvanstonenk@blogtalkradio.com,zD2?qyp=85W.m#K
850,erudkinnl,Evelin,Rudkin,erudkinnl@wired.com,"rM9),Wp&ZF"
851,irennenbachnm,Isabeau,Rennenbach,irennenbachnm@desdev.cn,"xI2#s,>Xgv)O"
852,ttilliardsnn,Town,Tilliards,ttilliardsnn@behance.net,pR1@`m6%H8AhD
853,tmattedino,Tobi,Mattedi,tmattedino@1688.com,"xH9,5g*k>J="
854,dfoxwellnp,Dody,Foxwell,dfoxwellnp@mac.com,jF5.<ZSr`t|kqTN7
855,sspellworthnq,Shayla,Spellworth,sspellworthnq@godaddy.com,nT7%ylU#Vx
856,mspiritnr,Melantha,Spirit,mspiritnr@prnewswire.com,pM4_K=UxR3?xwf4n
857,rsandifordns,Rickie,Sandiford,rsandifordns@wisc.edu,rK5\501WT&K'M8\M
858,eperagont,Eugenio,Perago,eperagont@google.es,lC1*W2j5
859,icallfnu,Ichabod,Callf,icallfnu@cbc.ca,iR8/~6+FnNjz?
860,roliveynv,Rodney,Olivey,roliveynv@engadget.com,aC3_UG`Do
861,kskerrettnw,Kelly,Skerrett,kskerrettnw@g.co,sA1}Y=y6o/
862,econquestnx,Edie,Conquest,econquestnx@unicef.org,"zZ5?\8x.""I(Qx7GC"
863,lgrimwadeny,Lolly,Grimwade,lgrimwadeny@epa.gov,hB8/PA25=BA
864,gheinritznz,Gwenette,Heinritz,gheinritznz@archive.org,"sL9,@7obuJfAq"
865,ptheseirao0,Perice,Theseira,ptheseirao0@un.org,aO4}2@=P
866,twando1,Thebault,Wand,twando1@jalbum.net,oH7#tp=z5UeY/
867,kedwickeo2,Kylen,Edwicke,kedwickeo2@nps.gov,"fA3@w4+n8""{B"
868,dingilsono3,Dore,Ingilson,dingilsono3@washington.edu,gT0}EDIC|oi&/z/
869,imcginniso4,Isadora,McGinnis,imcginniso4@elpais.com,vU7#msdPq_U
870,slathwoodo5,Sam,Lathwood,slathwoodo5@behance.net,yY7~kP8K
871,dwoostero6,Darda,Wooster,dwoostero6@flickr.com,"kR3""XO){fafuN"
872,lbushello7,Luciano,Bushell,lbushello7@army.mil,"xD3~lH""3p"
873,kambruso8,Katina,Ambrus,kambruso8@newsvine.com,aA6!7KuJ
874,berrichio9,Beatrice,Errichi,berrichio9@plala.or.jp,nA4_VaIC*r
875,kpashbaoa,Kristofor,Pashba,kpashbaoa@furl.net,"rH6|h?OL#k*g`,!e"
876,amathonob,Anatola,Mathon,amathonob@cyberchimps.com,oW5&3n1HxV3
877,mpennymanoc,Meggie,Pennyman,mpennymanoc@senate.gov,nB4)zy($VW_`g
878,clittellod,Clem,Littell,clittellod@shutterfly.com,"rH0&.""""Lp"
879,dmatieweoe,Dolly,Matiewe,dmatieweoe@odnoklassniki.ru,dW6#xjG0jdP!R#
880,tknottleyof,Toma,Knottley,tknottleyof@storify.com,"xQ6',q8*j_nlsJ"
881,kfullstoneog,Kaleena,Fullstone,kfullstoneog@fotki.com,eL1%!q+{
882,lelsburyoh,Lynna,Elsbury,lelsburyoh@pbs.org,tL2+xv}=c?h
883,dfrowoi,Doug,Frow,dfrowoi@is.gd,rN9*0jQmP
884,correyoj,Cayla,Orrey,correyoj@oakley.com,pQ2_2mNpt\w37gW
885,roldamok,Rube,Oldam,roldamok@nih.gov,fZ9$YR@5YLkq
886,gchadbourneol,Gerek,Chadbourne,gchadbourneol@fastcompany.com,"tM0`saq,7a"
887,jsporesom,Josefina,Spores,jsporesom@cnn.com,bX3#o?Y2UP*g3
888,twiddupon,Thaddeus,Widdup,twiddupon@google.co.jp,qW8+W7eav
889,mkeesmanoo,Mattias,Keesman,mkeesmanoo@artisteer.com,bX3%@{+223\aVv7y
890,astuddardop,Adaline,Studdard,astuddardop@ning.com,sS8<'*hj/_(py
891,mguerrinoq,Merrilee,Guerrin,mguerrinoq@dyndns.org,sY3.Put$*uBKfED#
892,pureor,Perl,Ure,pureor@businessweek.com,gD3<5wO5Hw'
893,fbartoszinskios,Fin,Bartoszinski,fbartoszinskios@hatena.ne.jp,nY9#}BC<)sl`
894,mflintuffot,Mendel,Flintuff,mflintuffot@cnn.com,rA8=>?Bh&l!w}CVx
895,emayheadou,Earlie,Mayhead,emayheadou@java.com,"aD0\?A,D"
896,hpriestleyov,Huntley,Priestley,hpriestleyov@scribd.com,fF9|3j}b9$8N
897,bdillintonow,Bone,Dillinton,bdillintonow@springer.com,"uG3|T).tkd9,"
898,ccottesfordox,Corenda,Cottesford,ccottesfordox@bing.com,gX1/UxL}eNZ90.
899,lbelchemoy,Lark,Belchem,lbelchemoy@plala.or.jp,uF6()JRmZ_
900,kgiovanninioz,Kariotta,Giovannini,kgiovanninioz@whitehouse.gov,mV2!ix!PNR
901,bsouthwellp0,Bartolomeo,Southwell,bsouthwellp0@cnn.com,"cZ8)""!)HD"
902,wbousquetp1,Weidar,Bousquet,wbousquetp1@berkeley.edu,tX6+7fiQ>qf
903,bsillimanp2,Bear,Silliman,bsillimanp2@princeton.edu,"hO4,+s8<&nZ}"
904,aengelbrechtp3,Alasdair,Engelbrecht,aengelbrechtp3@sakura.ne.jp,jZ5=I=|2dnu
905,lwankelp4,Lulu,Wankel,lwankelp4@gmpg.org,xH2%sV/b.Dw}G1i
906,cpickthallp5,Cosette,Pickthall,cpickthallp5@techcrunch.com,tE2}ss>\!c6&x
907,arobkerp6,Ashley,Robker,arobkerp6@linkedin.com,sG4|{+XMh
908,jpendridp7,Jacinda,Pendrid,jpendridp7@t-online.de,"zZ6,xm9NU2|!*U%E"
909,fyoungep8,Felicia,Younge,fyoungep8@google.pl,zD5}QZ92
910,mobingtonp9,Margareta,Obington,mobingtonp9@who.int,xS4(L?&gF)P)z8
911,nshermanpa,Norton,Sherman,nshermanpa@techcrunch.com,jQ0/mKx&S/Nu7h~
912,ytoulamainpb,Yanaton,Toulamain,ytoulamainpb@sohu.com,wZ4>A9qk?(pb
913,sepinoypc,Sunny,Epinoy,sepinoypc@irs.gov,fA9\8FRPRq)W>/
914,arootpd,Aubert,Root,arootpd@addtoany.com,lK4*TT7C
915,dleverpe,Derrik,Lever,dleverpe@chronoengine.com,hB8\DiyP
916,ahennerpf,Aldis,Henner,ahennerpf@archive.org,nB8>CR\|ouhD
917,sbuckhampg,Susanna,Buckham,sbuckhampg@behance.net,bD0%y6Ljo/<~
918,ddurnellph,Davide,Durnell,ddurnellph@vinaora.com,"bZ9(L,qw{/\k9+"
919,ebonnellpi,Emery,Bonnell,ebonnellpi@wikia.com,iL7?K~}=Tg@<GM
920,ewildtpj,Ermanno,Wildt,ewildtpj@shinystat.com,"bS0""Sn/Tti>=>G"
921,ahyndespk,Alicia,Hyndes,ahyndespk@dedecms.com,zO0\Zhg!
922,hcardingpl,Haze,Carding,hcardingpl@salon.com,"iL6,Xt\="
923,aduchatelpm,Alasdair,Duchatel,aduchatelpm@china.com.cn,"gB1=x,0~|8TIh"
924,gdottrellpn,Gerhardt,Dottrell,gdottrellpn@craigslist.org,"cZ2%ssj2=""wUb@qN"
925,ptrimmellpo,Pattin,Trimmell,ptrimmellpo@t-online.de,"bD4/?vsnQ&d""hj+"
926,tgleaderpp,Toby,Gleader,tgleaderpp@squarespace.com,"eF5/\u""ppK""mb"
927,cbighampq,Constantina,Bigham,cbighampq@who.int,uF0/<LLqm{
928,ghadleighpr,Guinna,Hadleigh,ghadleighpr@elegantthemes.com,dP6'?rB9
929,mchristianps,Mikael,Christian,mchristianps@newyorker.com,qW6|p5}6GVu#qpr
930,mnutbeampt,Myra,Nutbeam,mnutbeampt@comsenz.com,tH4.`Z1hSi.8h.?%
931,probbertpu,Purcell,Robbert,probbertpu@miibeian.gov.cn,iY6.tNs|ic'E
932,mleachpv,Mariam,Leach,mleachpv@marriott.com,nU1&#D2w|=jX
933,ashepeardpw,Anitra,Shepeard,ashepeardpw@prlog.org,cW9<f1ahaG
934,beveringhampx,Barnaby,Everingham,beveringhampx@freewebs.com,uS3=mfb0{qj9c
935,hpagepy,Hoyt,Page,hpagepy@odnoklassniki.ru,lA2{}lPjq/p
936,pmcleviepz,Percy,McLevie,pmcleviepz@wp.com,qC2{.DoVHn
937,atreadgerq0,Allister,Treadger,atreadgerq0@berkeley.edu,fJ0*mNDW79?r
938,hlawtieq1,Harp,Lawtie,hlawtieq1@ifeng.com,uV5{gX2_}a
939,slagneauxq2,Sheeree,Lagneaux,slagneauxq2@wsj.com,pC6{9o4wxGKAD
940,fcabreraq3,Federica,Cabrera,fcabreraq3@miibeian.gov.cn,"wV4""Ym+Jw}v0(C"
941,gtrillowq4,Gibby,Trillow,gtrillowq4@deliciousdays.com,mY2&T.w30xZrp<
942,oflannerq5,Orion,Flanner,oflannerq5@symantec.com,"oH7""{wEfiF{"
943,aclaeskensq6,Anet,Claeskens,aclaeskensq6@house.gov,nD6)<MrHQ>$`
944,dwrinchq7,Dugald,Wrinch,dwrinchq7@discuz.net,vX8/&Vko=
945,bruddinq8,Beniamino,Ruddin,bruddinq8@umn.edu,"rA2,j(FttISHWD,"
946,fvenusq9,Felecia,Venus,fvenusq9@dagondesign.com,qT4}kbOp
947,bwilmanqa,Birgit,Wilman,bwilmanqa@state.tx.us,tZ4%n\eG*
948,cocahillqb,Cull,O'Cahill,cocahillqb@thetimes.co.uk,vJ7+RFI\
949,foteagueqc,Fidela,O'Teague,foteagueqc@yelp.com,mF5.X\!h@2+03jm
950,kmottinelliqd,Kienan,Mottinelli,kmottinelliqd@virginia.edu,"wH8~<""?Jz@"
951,rrowbothamqe,Rene,Rowbotham,rrowbothamqe@blogger.com,eD5<>&9f%kq|En
952,salcaldeqf,Sonya,Alcalde,salcaldeqf@pen.io,cF9#Yf>hyo+(
953,bboothjarvisqg,Becki,Booth-Jarvis,bboothjarvisqg@multiply.com,"zS8>p{bGZ)GP,._K"
954,ecubinqh,Eunice,Cubin,ecubinqh@dmoz.org,cT4}E4Igtn8u*j
955,odammarellqi,Ofelia,Dammarell,odammarellqi@yolasite.com,eM1<ZCp*Te6g
956,rantrumqj,Rem,Antrum,rantrumqj@washingtonpost.com,"jB3>ga""V{"
957,swollandqk,Shannah,Wolland,swollandqk@unc.edu,jX0`$Y*hfCCqs%E
958,rgasnellql,Romola,Gasnell,rgasnellql@wunderground.com,fT6\|h?W
959,esandryqm,Elka,Sandry,esandryqm@smh.com.au,bI8{/euy&{
960,ffrowingqn,Farra,Frowing,ffrowingqn@ask.com,eC6!*7kMM
961,ldedenhamqo,Lucilia,Dedenham,ldedenhamqo@techcrunch.com,"cI9%Mm!MM&+MYb,j"
962,dparkmanqp,Dion,Parkman,dparkmanqp@mayoclinic.com,tE0|r\|@%m1
963,bgriseqq,Bevon,Grise,bgriseqq@discuz.net,qC1?DiLKHa0/
964,sjanekqr,Susann,Janek,sjanekqr@netscape.com,uU8&M|jQj
965,tcaruthqs,Tamara,Caruth,tcaruthqs@oracle.com,iD2{Wjnw{`r
966,fstanyanqt,Frederigo,Stanyan,fstanyanqt@dell.com,zD1_lKJ&j
967,lballintynequ,Luella,Ballintyne,lballintynequ@networkadvertising.org,iA0@L{#&Iur
968,mdallowqv,Myrtie,Dallow,mdallowqv@buzzfeed.com,tO3_4=dt1
969,aprattqw,Alexine,Pratt,aprattqw@alexa.com,hJ2*Q1B+LWjXm|
970,dnoddleqx,Dyann,Noddle,dnoddleqx@furl.net,yQ0=MTQgX)YImdC0
971,dargraveqy,Diana,Argrave,dargraveqy@unesco.org,aB6>tJ9Jm`
972,dgawqz,Deena,Gaw,dgawqz@discuz.net,oI0.T\$.H)}6I
973,dkingswoodr0,Daniel,Kingswood,dkingswoodr0@nba.com,fG1%=N}XX
974,swesleyr1,Sloan,Wesley,swesleyr1@ed.gov,gN3!?d`im
975,asillyr2,Alameda,Silly,asillyr2@businessinsider.com,fZ6@IiLew
976,dshearsbyr3,Dickie,Shearsby,dshearsbyr3@youtube.com,kH8{~Tp{uk%mT
977,sdanterr4,Scott,Danter,sdanterr4@indiegogo.com,oT7.L9Wujd8KrUP
978,ldomanger5,Lurleen,Domange,ldomanger5@quantcast.com,hB2=<uN=Xhk
979,lchilder6,Laurel,Childe,lchilder6@scientificamerican.com,"bJ0,m`@67uQh'P"
980,lglandr7,Lia,Gland,lglandr7@joomla.org,"aF2,J}/ju(z~A)C"
981,bswidenbankr8,Bord,Swidenbank,bswidenbankr8@cornell.edu,fX2<XntyFE
982,bbyforthr9,Bastien,Byforth,bbyforthr9@microsoft.com,"yO7?=DlJL1BC"""
983,wfrankesra,Waldemar,Frankes,wfrankesra@linkedin.com,yX3'29*9T
984,elearmountrb,Ellyn,Learmount,elearmountrb@booking.com,pM5*T}w'boAj
985,slabbettrc,Sofia,Labbett,slabbettrc@tuttocitta.it,"xV7""NeY"""
986,mcollacomberd,Malvina,Collacombe,mcollacomberd@about.com,hY0<SZsHRN~.$
987,osimonellire,Orlan,Simonelli,osimonellire@networkadvertising.org,"tM5""mq=J"
988,aickowiczrf,Andrey,Ickowicz,aickowiczrf@etsy.com,hA1~sW~pOFmCC)z
989,lmartinrg,Lula,Martin,lmartinrg@sitemeter.com,wE5*>ufciRsK
990,lbonnickrh,Liliane,Bonnick,lbonnickrh@bravesites.com,nH8@.{|<Q8g3zK
991,kishchenkori,Kelley,Ishchenko,kishchenkori@amazon.com,vQ8'ZDH&
992,mdevaanrj,Melva,De Vaan,mdevaanrj@sciencedaily.com,"qO5|omB?8Q&,_D"
993,kbrugsmark,Kendall,Brugsma,kbrugsmark@typepad.com,yX6`PFr3
994,emattysrl,Eddy,Mattys,emattysrl@hhs.gov,"eL0&`P$j*G1KP%x"""
995,ryoutheadrm,Reamonn,Youthead,ryoutheadrm@arizona.edu,"hB0!,`4$p?j{p"
996,mmeachenrn,Manolo,Meachen,mmeachenrn@tripadvisor.com,eF3~Qb2#YD?E
997,fmanuelloro,Flori,Manuello,fmanuelloro@1und1.de,qP8\t!Ml_L}x#~1
998,ktrehernerp,Kahaleel,Treherne,ktrehernerp@smh.com.au,kF0>#l6HEXS
999,xborresrq,Xymenes,Borres,xborresrq@ehow.com,"iW2`,12#hyNaUT"
1000,ealekhovrr,Eben,Alekhov,ealekhovrr@wiley.com,sC3!@/u$tUE
